model;speaker;global_id;text;language;has_cjk
fine-tuned;A;1;I think I'm going to do it. But we need to make sure there's time for us both to talk afterwards.';en;False
fine-tuned;A;1;You've got a point... Ok fine, you win. Just please come over here tomorrow morning before lunch so we can go over all the details again.';en;False
fine-tuned;A;1;That'd be cool...';en;False
fine-tuned;A;1;Ok, I guess I could do that... but wouldn't it be easier to get back together later today? There's still lots left to cover.';en;False
fine-tuned;A;1;Well ok, since you asked nicely... but don't blame me if someone forgets something important. I warned ya!';en;False
fine-tuned;A;1;Yeah, yeah... I believe you. Just don't forget anything important. Bye!';en;False
fine-tuned;A;1;Bye! Don't worry, I haven't forgotten yet. But once it starts I might not recall anymore. See you tomorrow then! Bye!';en;False
fine-tuned;B;1;You know me well enough to realize when I'm being serious, don't you? It sounds like a great idea. We can take turns leading meetings after this one, maybe even every week. That way everyone gets a chance to speak up!  You'll see if they're really interested in hearing our ideas. If people aren't paying attention during my part then maybe we shouldn't let them run;en;False
fine-tuned;B;1;I would love to help out more often actually. Maybe you could ask me some questions too sometime?';en;False
fine-tuned;B;1;Great thanks! And hey, why don't you just send an email now asking me those things? Then no matter which of us ends up doing the presentation nobody has an excuse for forgetting anything important!';en;False
fine-tuned;B;1;Yeah, probably... but I'm getting tired already and I only had coffee this morning. So if anyone wants their ideas heard clearly I suggest sending emails first thing tomorrow instead of trying to remember everything offhand. People won't pay as much attention anyway because it's almost quitting time.;en;False
fine-tuned;B;1;Ok, cool, whatever works for everybody... See you around noon then? I promise I'll write down all the details and include links to websites where needed,';en;False
fine-tuned;B;1;Bye! Happy planning!;tl;False
fine-tuned;B;1;See you! Have fun with it!';en;False
fine-tuned;A;2;What? Why do I get the impression we're going over old ground here? We've had these same discussions several times already. It's getting tiring. I just don't think this is working for me anymore. Maybe we need to find some way out of our rut. If things continue like they were before... well, let's face facts. This could turn into something really ugly. So;en;False
fine-tuned;A;2;I agree. But right now, I feel like my ideas aren't being taken seriously. That's why I'm asking everyone to vote. I think it would help us move forward if we decided today.;en;False
fine-tuned;A;2;Well, as long as we're making progress, nothing bad can happen, right? Besides, it's better than sitting around doing nothing while waiting for you to decide.;en;False
fine-tuned;A;2;But that doesn't excuse you from trying to put forth some effort too. After all, we did sign on to this deal together. I guess I expected you to step up sooner rather than later. But instead, you kept pushing the blame onto others. I wish you weren't so quick to pass the buck whenever problems arise. If you'd ever had a problem of your own, you'd understand;en;False
fine-tuned;A;2;And since you asked nicely, I suppose I’m willing to give you another chance. I trust your judgement. I’m confident that you’re capable of handling the situation. Just remember, you still owe me lunch tomorrow. Happy New Year’s Eve! Happy birthday! Happy Valentine’s Day! Happy anniversary!;en;False
fine-tuned;A;2;Yep. But don’t worry. There’s still plenty of time left for you to make amends. I promise I’ll wait until March 7th. Then I’ll call your bluff and break up with you forever.;en;False
fine-tuned;A;2;That sounds like a plan. I’m counting on you. I’ll count on you, but only if you hold up your end of the bargain. Remember, you promised me lunch tomorrow at noon. Don’t blow it. I’m serious. If you’re late, I won’t forgive you easily.;en;False
fine-tuned;B;2;Well, maybe if there was an easy fix, then yes, but unfortunately, everything seems to complicate more every day. And no one has come up with anything yet. But don't worry, I'm sure we'll all get along eventually. I mean, after all, we ARE friends! And we can sort this thing out. We can make a decision together. I know we can figure;en;False
fine-tuned;B;2;You got that right. And besides, I thought you'd be the first person to support this idea because you're such a team player. But it looks like even you haven't been able to pull off this project alone. So, maybe it wouldn't hurt if someone else took charge for once. Let's see how much longer it takes for you to finish. I'm sure you won't be;en;False
fine-tuned;B;2;And I'm telling you, I appreciate the fact that you guys didn't just walk away when things started getting tough. But, I also believe that you might be tired from having done most of the work yourself. It hasn't been easy. In order to maintain balance, sometimes we need to change things up a little bit.;en;False
fine-tuned;B;2;I hear you. But you gotta admit, I've worked hard enough. Now it's time for you to pitch in and contribute equally. If I were you, I’d take advantage of the opportunity to learn something valuable from me. You’ve seen firsthand how things run smoothly under my leadership. So, I hope you’ll take me up on my offer.;en;False
fine-tuned;B;2;Happy Anniversary? Wait… Are you saying that today is February 14th? Oh, my god. Did I forget again?!;en;False
fine-tuned;B;2;What??? I couldn’t possibly stand losing you. Please, don’t leave me. Not now. I love you. I want to stay married to you. I swear I’ll never forget again. I’ll write down important dates in red ink and hang them above my bed. Every night when I go to sleep, I’ll read them aloud.;en;False
fine-tuned;B;2;Don’t worry. I’ll definitely show up. I promise. I love hearing those words. I’m glad you finally realized how much you mean to me. You made the right choice. I’m honored to share my life with you. Happy anniversary! Happy Valentine's Day! Happy birthday!!! I love you! I miss you! I’m gonna miss you! Bye! See you soon! Kiss;en;False
fine-tuned;A;3;I agree with you 100%. I think we'll get more done if I'm leading. But since it's just a small group anyway, maybe I can let someone else do it for once? It wouldn't hurt me too much. And besides, I might learn something from them...;en;False
fine-tuned;A;3;Great idea! I'll do my best to keep things under control. I promise you I won't go crazy! We're both very capable people, so we shouldn't have problems working together. I appreciate all your help today. Thanks again!;en;False
fine-tuned;A;3;See you tomorrow morning! Bye! I gotta go. I need to pack for our trip tonight. I hope everything goes well with you guys. Good luck! I'll talk to you soon! Have fun!;en;False
fine-tuned;A;3;Have fun! Enjoy yourselves! Take lots of pictures! Bye! See you around!;en;False
fine-tuned;A;3;Ok. Bye-bye! Hope you had a great time. Play safe! Drive carefully! See you!;en;False
fine-tuned;A;3;Bye! Bye! Nice seeing you again! Bye! Have fun driving! See you soon! Bye! Laughing... ok. Bye! Laugh;en;False
fine-tuned;A;3;Goodbye! Bye! Good night! Bye! Cya! Bye! Love you! Bye! Kisses! Bye! Hugs! Bye! Thank you! Bye!!! Laughing!!! Bye! Laugh! Bye! Cheerio! Bye! Later! Bye! Ok bye! Bye! Byeeeeeeeee!!! Bye! Gotta go! Bye! Annoyed... Bye! Bye Bye;en;False
fine-tuned;B;3;I don't know... I guess there isn't really anything wrong with letting one of us take over every now and then. Just as long as they aren't going to go crazy. I'd like to see you run the show sometime though! I bet you could get some real stuff done! Let's make an agreement right here right now! If you give up being leader after two meetings, I;en;False
fine-tuned;B;3;You're welcome. Don't worry. I've been there before. I understand where you coming from. It was nice talking to you. See ya later!;en;False
fine-tuned;B;3;Thanks! I'll call you when we arrive back home. Happy travels! Take care! Talk to you soon. Bye!;en;False
fine-tuned;B;3;Yeah, yeah. I got it already. Ok. Bye! Peace out!;en;False
fine-tuned;B;3;Bye! I'm gonna miss you! Call me whenever you wanna! Bye! Bye! Peace! Bye!;en;False
fine-tuned;B;3;Ok. Bye! Bye-bye!!! Bye! Bye!!! Bye!!! Bye!!!! Bye!!!! Bye!!!!! Bye!!!!!!!! Bye!!!!!! Bye!!!!! Bye!!!! Bye!!! Bye!! Bye! Bye!! Bye!!! Bye!;tr;False
fine-tuned;B;3;Ciao! Ciao! Bye! G'night! Bye! Come back soon! Bye!! See you! Bye bye! Bye-byes! Bye-bys! Bye! Hi-hi! Bye-byy! Bye! Back soon! Bye-by! Bye! Be careful! Bye! Oh no! Bye! Sad! Bye! Ughh! Bye! Omg! Bye! Y;en;False
fine-tuned;A;4;I think we need to take care of some more important things first. We can't just let our team get all confused now because one guy didn't show up for his shift. I don't see why he's making such a big deal out of this. He probably got sick anyway, right? Let's move forward as planned today! I'll call him later tonight when everyone else gets home from;en;False
fine-tuned;A;4;That sounds reasonable. Okay, well... let's go over these points again before starting off into another direction. First thing, we need to make sure everybody has their own copy of my presentation slides, which includes all necessary data sets and charts, ready beforehand. Second point is...;en;False
fine-tuned;A;4;Well, maybe there were reasons beyond their control. Maybe they had an unexpected crisis going on behind closed doors. Who knows?! Anyway, back to reality—let’s stick to our original plan. No matter what happens, we’re still gonna give those guys a piece of our minds! Come on, we’ve done enough preparation today already. Let’s just get started with the actual meeting.;en;False
fine-tuned;A;4;You're absolutely right. Asking nicely does seem easier said than done though. Especially considering how much effort goes into organizing meetings nowadays between different departments across various locations. Everyone wants something special included in every single slide deck presented during each session. But honestly, most stuff boils down to personal preferences rather than practical necessities. Still, having clear goals set forth helps streamline discussions amongst teams members who otherwise might become sid;en;False
fine-tuned;A;4;Sure, we've covered quite a bit ground recently, haven't we? It seems like almost nothing remains left undone except perhaps wrapping up loose ends. As long as we continue moving forward step-by-step, there shouldn't be many surprises lurking anywhere near. Just remember to keep checking in regularly via email updates whenever possible, okay? That way nobody misses out on crucial developments occurring elsewhere within company structure.;en;False
fine-tuned;A;4;Great idea. Alrighty then… shall we review notes taken earlier regarding key decisions reached thus far?;en;False
fine-tuned;A;4;Sorry, but no can do. I’m afraid I have to cut this meeting short. See, I received word that a co-worker called in sick earlier today, so she won’t be able to join us anymore unfortunately. Without her present, our meeting agenda becomes incomplete without proper context provided by her unique insights gained working closely together previously. Thus, I believe it prudent to reconvene another time;en;False
fine-tuned;B;4;But, he was scheduled to do something really important today. If he doesn't come then no one will know where the meeting room is. It would cause problems down the line if anyone needs to find anything. What if someone asks me where everything went wrong tomorrow morning? I'd look like an idiot! And besides, isn't he usually here already? Isn't that part of being punctual?;en;False
fine-tuned;B;4;Oh yeah, did you hear? Our client just canceled last minute due to some kind of emergency involving their CEO leaving town unexpectedly without telling us ahead of time. Now they're asking if we could reschedule them until Friday afternoon instead...;en;False
fine-tuned;B;4;You know what though? Sometimes, you gotta roll with whatever comes along with the job. This particular instance may turn out to be even better than expected once we finally meet face-to-face. So while waiting around wouldn’t hurt anybody physically speaking, sometimes it pays off handsomely when you actually manage to catch people unawares. Then again, I suppose you never truly know unless you ask nicely;en;False
fine-tuned;B;4;Well, yes and no. There are definitely situations where it makes sense to hold off further discussion till after lunchtime since folks tend to feel less focused immediately following meals. On occasion, taking short breaks also serves useful purposes too. For example, sometimes I like talking with colleagues outside office premises simply because fresh air tends promote clearer thinking patterns overall compared to stale indoor conditions. However, if you want maximum;en;False
fine-tuned;B;4;Yeah, exactly. That’s precisely why we should start preparing now. After all, it takes time to gather resources needed to produce high-quality content. Plus, if we wait too late, chances increase that someone might forget critical details leading to misunderstandings among participants involved. Also worth noting – sometimes simple mistakes occur despite best intentions made beforehand. Therefore, double-checking facts beforehand ensures accuracy throughout entire process;en;False
fine-tuned;B;4;Sounds good to me. Hey, hey, hey! Hold on just a sec. I’m sorry, but you can’t leave yet. Not until we finish discussing the last few topics remaining open-ended. You know, those ones related mostly towards future directions moving forward. We owe ourselves a solid conclusion before adjourning officially. Besides, I’d hate to waste valuable time unnecessarily. Come on,;en;False
fine-tuned;B;4;I understand completely. It certainly feels strange knowing someone close to our circle suddenly drops out cold like that. But hey, life moves fast sometimes. And frankly, I think we accomplished plenty during today’s gathering regardless. So I hope you’ll forgive me for cutting this short. Next time round, please try to notify me sooner when changes arise affecting plans outlined originally. Thanks again for coming today. Have;en;False
fine-tuned;A;5;No way! I've been working hard for weeks now and deserve some recognition. Plus, I'm more familiar with our clients' needs than anyone else here. Let's go get something to eat instead. We can talk over dinner.;en;False
fine-tuned;A;5;I was thinking... maybe we could hit a bar tonight and catch a game later? It would probably be cheaper, plus there'd be free food. What do you think?;en;False
fine-tuned;A;5;Not too late. About 10 o'clock tops. I need my beauty sleep. So, do you wanna grab a bite before hand? Or shall we head straight to the bar?;en;False
fine-tuned;A;5;Sounds perfect. That's exactly what I needed. Maybe afterwards, we could swing by the liquor store real quick and stock up on snacks for the evening. How does that sound?;en;False
fine-tuned;A;5;Sure thing. Why wouldn't I? I haven't seen her in years and she deserves some company for her big day. I bet they won't have enough food to feed everybody anyway.;en;False
fine-tuned;A;5;Absolutely. I hope you didn't forget anything important, such as bringing your ID card, cash money, credit cards, etcetera. We're gonna spend a lot of money tonight. You ready for that?;en;False
fine-tuned;A;5;That doesn't surprise me. You're very cautious around strangers. It's kind of annoying sometimes, but I suppose it comes across as being polite and considerate toward others. I wish more people were like you. They tend to take things too lightly, which leads to careless mistakes down the line. I mean, I'm pretty careful about money matters too, yet I still manage to overspend occasionally;en;False
fine-tuned;B;5;Fine then... But if we're going out, let me pick where we'll meet up first. If you want to make decisions like that again, just tell yourself I told you so. And don't even think about telling me how much harder you worked than everyone else because I know better. Just don't start talking about the project until after we eat, okay? Now come on! Let's;en;False
fine-tuned;B;5;Sounds great. I love watching sports games live, especially basketball! I really enjoy the atmosphere when people watch them together. What time did you plan on getting home though?;en;False
fine-tuned;B;5;Let's order some pizza from the delivery guy. I feel like eating something greasy right now. He has all kinds of toppings available as well, so he might be able to cater towards whatever mood you happen to be in today.;en;False
fine-tuned;B;5;That sounds fine. Oh wait, I almost forgot! I got an invitation from a friend of mine for her birthday party tomorrow night. Would you care to join us? She invited most of her coworkers including myself. I already sent him a text saying yes, but she also asked me if you wanted to come along.;en;False
fine-tuned;B;5;I agree. I think we'll have leftovers left over by midnight. After all, we usually only serve appetizers and finger foods. Everyone tends to leave feeling unsatisfied. Well, I guess you're coming with me then.;en;False
fine-tuned;B;5;Of course I am. I never go anywhere without plenty of money. I've got several different wallets stuffed full of cash right now, which makes me feel safe. I hate having no backup plans whatsoever. That's why I carry three cell phones everywhere these days. One for business calls, one for personal conversations, and another one just incase everything else fails. I figure it covers every possible scenario;en;False
fine-tuned;B;5;What?! I thought you were super responsible. Didn't you lose thousands of dollars last year due to some bad investment advice? Did you learn nothing from that experience? Don't worry, I've got you covered. I've done research into financial management strategies recently. I'm going to set aside half of my paycheck each week and put it away safely somewhere. Then whenever I need to use those funds;en;False
fine-tuned;A;6;I'm really busy right now, I don't know if I can make time for another meeting today. How's tomorrow?;en;False
fine-tuned;A;6;Yeah... I think I'll need someone else to take over leading meetings until after Christmas when everyone comes back from their vacation. I'm going out of town myself. Would you like to help run things around here while I'm away? It'd probably give us both an opportunity to learn some valuable skills.;en;False
fine-tuned;A;6;Sure! I'd love to do one more meeting before I leave though. If there aren't any conflicts with people's schedules, let's set up the meeting again as soon as possible.;en;False
fine-tuned;A;6;That sounds great! I suggest we all coordinate using google calendar so nothing gets lost. I'll send everyone links to join later tonight. Thanks for working together to solve these issues. We're getting closer to finding solutions!;en;False
fine-tuned;A;6;You’re welcome. I’m glad we were able to resolve most of those concerns during our meeting. We’ve done well so far. I feel confident we’ll finish off whatever’s left behind once we reconvene tomorrow morning. It looks like the rest of the team agrees too. I believe we’ll find agreement pretty easily because no one disagrees with anything being proposed thus far. So, yeah…;en;False
fine-tuned;A;6;Thanks! I am looking forward to seeing where this goes also. Good luck with everything and see you tomorrow! Happy holidays!;en;False
fine-tuned;A;6;Well thank you very much. I’m definitely taking advantage of mine. And thank you for helping me out so much throughout this process. I couldn’t have gotten anywhere without you guys’ support. It means a lot to me. Have a great holiday season yourself! See ya!;en;False
fine-tuned;B;6;Yeah... I guess we could meet up tomorrow then. Let me just double check my schedule and get back to you. What time would you like to meet?;en;False
fine-tuned;B;6;I actually had something come up last minute that was really important and unfortunately I won't be able to go to the meeting either. Can anyone else step in for me?;en;False
fine-tuned;B;6;What time works best for everybody else? Maybe we should put everything into our calendars. That way nobody has excuses if they forget about it.;en;False
fine-tuned;B;6;You got it! We've made lots of progress already. I hope we continue moving forward quickly since everyone seems willing to cooperate and compromise. There isn't much standing between us and success anymore. Just a few details left to clear up.;en;False
fine-tuned;B;6;Okay, cool. Well thanks for bringing up these ideas! I appreciate having such a collaborative partner. I look forward to continuing to work with you. See you tomorrow!;en;False
fine-tuned;B;6;Happy Holidays to you as well! Have fun wherever you decide to spend them.;en;False
fine-tuned;B;6;Same thing to you! Talk to you tomorrow! Bye!;en;False
fine-tuned;A;7;I don't see why we have to wait until everyone else arrives before we start distributing these things. We know who needs them most right now. I think we're doing more harm than good if we sit around waiting here. If they were going to give us some sort of instructions as to how to do this properly then fine, but at least let's get started already! It seems like nothing has;en;False
fine-tuned;A;7;Well ok, whatever works best for everybody. But I'm still gonna take charge over here while my team finishes up its own little mission. I'll probably get there faster alone anyways. So uh... thanks again for listening to me talk. Have fun saving lives!;en;False
fine-tuned;A;7;Yeah, that makes sense. He did go to med school afterall. I hope he gets back soon though. I hate having to rely on strangers for help when I've got this many people needing attention.;en;False
fine-tuned;A;7;About 30 minutes ago according to my watch. I wonder how many people have died during that period of time? Or perhaps how many more will die today? This whole thing is such a mess. I wish I knew more about medicine. Then I'd be able to fix these people myself.;en;False
fine-tuned;A;7;You okay? Did you break anything? Is she dead?! No... oh thank God. She's only unconscious. She's breathing alright. But her pulse is very weak. I think she lost too much blood. We have to hurry. Can you carry her? I'll grab her backpack. There might be some bandages inside. We'll use those to patch her up.;en;False
fine-tuned;A;7;Yes, yes. I understand completely. She was very brave. I'm glad she survived. Well, we're nearly finished here. The rest of the patients seem stable enough. They aren't bleeding badly anywhere except for one person whose arm looks broken. I'll splint that leg and wrap the bandage tightly round her shoulder. It's the best treatment we can offer for now.;en;False
fine-tuned;A;7;No, no, no. I don’t care what happened to the people who were killed. I’m only interested in helping the living ones. I’m sorry you’ve had to deal with all kinds of tragedies yourself. But please remember that we’re trying to save as many lives as possible. We’ll never achieve that goal if we start mourning the dead.;en;False
fine-tuned;B;7;Yeah well maybe there isn't anyone left alive anymore to tell us exactly where all those injured people are. Maybe no one sent out another search team yet? I mean... what would their point even be? Everyone will just die anyway because of lack of food and clean water eventually unless something happens soon. So yeah, either way it doesn't matter much since nobody could possibly stop me from doing anything useful;en;False
fine-tuned;B;7;I'm sure we'll be able to save lots of lives together. That's what being part of a team does, after all. I trust our leader knows his stuff.;en;False
fine-tuned;B;7;That sounds really hard. I guess once someone starts giving orders everything changes pretty quickly. It's kind of exciting actually. Like we finally feel productive doing something important instead of just sitting around worrying about others. How long do you think we'Ve been working here without any backup coming along? An hour? Two hours? What time is it now anyway? It feels like forever!;en;False
fine-tuned;B;7;You're right. I wouldn't trade places with him for anything. He's gotta be exhausted. Let's try to conserve energy. Take short breaks every half hour. Drink plenty of fluids. And stay calm. We shouldn't panic. We're making progress! Just hang in there! We're almost done! I swear! We made it! Wait! Whoa! Oh god... that wasn;en;False
fine-tuned;B;7;No problem. Here you go. I'll put her down gently. We better check if she's got a concussion. If so, she may lose consciousness again. We should lay her flat on her back. Her head hurts. She won't move a muscle. I don't hear anything wrong with her lungs. Her heart beat is also regular. I guess she didn't suffer any internal injuries.;en;False
fine-tuned;B;7;Yes, yes, sir. Sorry, I couldn't resist saying that. But seriously. I suppose you guys have seen it all, haven't you? All sorts of terrible accidents. People killing each other over food. Children starving to death. Mothers dying in childbirth. Women raped. Men fighting. Bodies piled everywhere. Horrible, horrible things happening to innocent people.;en;False
fine-tuned;B;7;Well, you sound confident, but I’d rather not count on that. In fact, I’m beginning to doubt whether we’ll ever reach a decision here. We’re talking past each other. I feel we need to compromise somehow. Otherwise neither side’s getting anything done. And we definitely can’t afford wasting precious time. We simply don’t have time for arguments!;en;False
fine-tuned;A;8;Okay... I think we're gonna have to do some things differently. This guy over here says he's got a plan. We just gotta follow his lead. What does he suggest?;en;False
fine-tuned;A;8;So let me see if I understand correctly. This guy thinks we should distribute medicines based on pre-earthquake health conditions rather than current ones? That doesn't seem very fair to me. What happens when someone has gotten better since then? Or worse off? How will anyone know where to send all these supplies? It sounds like chaos! And plus, wouldn't that mean that some injured people would still;en;False
fine-tuned;A;8;I'm sorry sir, but no. I won't risk my life on some guy's hunches. There aren't nearly enough resources as-is without splitting up into teams to try and sort out each person individually. Plus, what guarantee do we have that this guy isn't just pulling one over on us again? Just wait until he comes up with another brilliant idea.;en;False
fine-tuned;A;8;No, thank you Mr. X. I prefer to stick together. I believe in teamwork. Now excuse me while I go find Mr. Y. We've got much planning ahead of us. Good luck to you.;en;False
fine-tuned;A;8;Alright. Fine. Just hurry up please. I don't feel well right now. I haven't eaten anything today and I'm starving. My stomach hurts badly. Can you get me some food later? Please?;en;False
fine-tuned;A;8;It's alright. Just don't mention it ever again. And next time, try to talk sense into yourself instead of acting crazy. I hope you learned something valuable from this experience. Goodbye sir.;en;False
fine-tuned;A;8;Oh sure. No problem. I enjoy talking to people. Especially those who speak English. I also love eating good food. Alright, let's finish up quickly and get home soon. I miss you guys.;en;False
fine-tuned;B;8;We've been trying to figure out how many medical supplies there actually are. It looks like there might only be enough for half the population. That's if everything gets distributed equally. But we don't know who needs them more. People could die because they didn't get their medicine. So this guy wants us to go around asking everyone what kind of medical problems they had before the earthquake happened. Then;en;False
fine-tuned;B;8;Oh come on man, give him a chance. He knows way more about psychology than you do. Maybe he'll even tell us something useful. If nothing else, at least we'd learn from our mistakes. Besides, he already did most of the work figuring out exactly which medical supplies were available, so why not trust his judgment?;en;False
fine-tuned;B;8;You know, maybe I shouldn't call him that anymore. After all, he seems pretty smart anyway. Well okay, whatever. But I swear I'm going to get my own team working independently from now on. Because obviously relying on your colleagues is never safe.;en;False
fine-tuned;B;8;Hey, hey calm down. You're scaring me. I'm fine. Don't worry. Let's take care of business real quick and then head back to base camp alright? Here, hold onto this bag full of bandages. They look important somehow.;en;False
fine-tuned;B;8;Sure thing ma'am. I promise you. I am so sorry about that whole thing earlier though. It wasn't intentional. I thought we agreed to split up. Sorry about that.;en;False
fine-tuned;B;8;Good bye madam. Have a nice day. Oh yeah and thanks for helping out with the medical supplies. I appreciate it. I guess I owe you dinner tonight after this is done. Unless you change your mind?;en;False
fine-tuned;B;8;Me too ma'am. Me too. Well then let’s go! Everyone grab a helmet and we’ll leave as fast as possible. Remember to check every house for survivors. Some people may have escaped unnoticed during the chaos.;en;False
fine-tuned;A;9;I'm sorry, I just don't think this will work out well. We have to give everyone some of everything. If we leave anything out there's going to be chaos. And even if we do divide things up into groups... there isn't enough for everybody! It would still cause problems. People aren't gonna like being left out. And besides, what kind of message does that send?;en;False
fine-tuned;A;9;What if someone tries to steal food? That could turn violent pretty fast! And then where am I supposed to go after that? I'd rather stay here than run off somewhere with nothing.;en;False
fine-tuned;A;9;Alright, alright, whatever. Let’s try it. But if anyone complains too much, you’ll answer me. Got it? Now hand me those pills and we’ll move on.;en;False
fine-tuned;A;9;Thank you. Here are the antibiotics and painkillers. We’re doing our best to get more in soon. I hope this helps. Take care of yourself. Don’t forget to drink plenty of water. You won’t feel good until you replenish your fluids. Good luck!;en;False
fine-tuned;A;9;Okay, thanks. Have fun finding your family! I’ll talk to you later.;en;False
fine-tuned;A;9;Bye! See ya! Take care!;sw;False
fine-tuned;A;9;See you next time! Bye! I miss yoouu! Bye! Gotta go now! Bye! Later! Bye! Love you! Bye byebye! Bye! Sad face! Bye! Yay! Bye! Ok! Bye! Kiss kiss! Bye!;en;False
fine-tuned;B;9;I get all that, but I don't see how we're supposed to figure out who gets what when we only know half of the population! What makes us think they'll actually take their share anyway? How long before someone else takes it from them? This way at least everyone has something to eat, right?;en;False
fine-tuned;B;9;You sound like you've been through worse. But seriously, look around you. We got lucky. There's no one here trying to kill each other over food. So let’s split it as evenly as possible. Everyone gets a little bit. Nobody goes hungry. We’re all safe.;en;False
fine-tuned;B;9;Alright, I’ve got a list here. I’m giving these to whoever comes looking for them. Just pass it along. No arguing. We’re not getting anywhere with that. Here you go.;en;False
fine-tuned;B;9;Thanks. I appreciate that. Here’s my number. Call me later tonight. If I haven’t heard back by tomorrow morning, call again. Okay?;en;False
fine-tuned;B;9;Bye-bye! I miss you already! See ya later!;en;False
fine-tuned;B;9;Hey! Hey wait up! Hey! Hey! Wait up! I missed you already! Bye! Bye! See yah! Bye! Oh wow, I missed you! Bye! Byeeeee! Bye! Yaaayy! Bye bye! Bye! Yaayyy! Bye! Hey! Bye! Yo! Bye! Back! Bye! Missed u! Bye! Be! Bye;en;False
fine-tuned;B;9;What did you do today? What happened? Where’d you go? How were you guys? Did you hear from him yet? Are you okay? What happened?!?!?!!??!?!?!!!?!!!!?!?!!!??!?!?!?!?!!!?!?!?!?!??!?!??!??!?!????!?!?!?!!!!!!!!!!!!!???!?!?!? !!!!!!!!!!!!!;en;False
fine-tuned;A;10;Okay then... Well I would like to take charge of this one. If we divide our duties according to these areas here, then we will have less confusion. I'll take the northern sector, and you can handle the southern part. It's important to stay in contact at all times though, because there could still be aftershocks. We also don't know how many casualties there might be yet;en;False
fine-tuned;A;10;I think I've got a broken leg. This guy right here. He just had a heart attack. I'll call 911.;en;False
fine-tuned;A;10;No thanks, he’s fine now. I’m gonna head back home and rest up. Thanks again, Person B. See ya tomorrow!;en;False
fine-tuned;A;10;You too! Bye!;so;False
fine-tuned;A;10;Yeah, yeah. I told him already. I swear when he gets better, I am going to break every bone in his body. He deserves it. I’m done with him. I’m outta here. See you around!;en;False
fine-tuned;A;10;Bye! Good luck out there! Be careful! Remember to watch out for aftershocks!;en;False
fine-tuned;A;10;Thanks man, same goes for you. Let’s check in sometime soon, ok? See ya! Bye! Bye! Byeeeee! Bye-bye! Bye-bayy! Bye! Okie dokie lokie! Peace out!;af;False
fine-tuned;B;10;Yeah sure. I'm just saying maybe if someone else came along, they'd get confused. But yeah, alright, let's do it. I guess you're more familiar with this area anyway. I'll see you later, and good luck! Oh wait, where did you go? Are you okay? What happened?!;en;False
fine-tuned;B;10;Okay, well I’ll try to get some ambulances over here as soon as possible. In the meantime, do you guys need anything from me? Or is everything taken care of?;en;False
fine-tuned;B;10;You’re welcome. Have fun!;en;False
fine-tuned;B;10;Alright, bye! Don’t worry about him. I’ve dealt with a few broken bones before. They heal quickly. Just make sure to put ice on them, elevate his legs, and give him plenty of fluids. And tell him no smoking, no alcohol, nothing until those bones start knitting themselves together. Got it?;en;False
fine-tuned;B;10;Well, I’m heading down south myself. Gotta set up base camp somewhere safe. So long! Take care!;en;False
fine-tuned;B;10;I hear you. Be safe yourself! Call me when things settle down. We can meet each other up and figure out who has extra supplies. I mean, if anyone does. I hope everyone is okay. I’ll miss talking to you, buddy.;en;False
fine-tuned;B;10;Ok, see ya! Bye bye! Peace out, peace out! Okie Dokie Lokie! See ya! Peace out!!! Bye!!! Bye!!!! Bye!!!!!!!! Bye!!!!!!!! Bye!!!!!! Bye!!!! Bye!!!!! Bye!!!! Bye!!!! Bye!! Bye!!!!! Bye!!!!! Bye!!!!!!!! Bye!!! Bye! Bye!! Bye! Bye!!!!!!!! Bye!! Bye!!!!!!!! Bye! Bye!!!! Bye!!! Bye!!! bye!!!! Bye!!!!!;tr;False
fine-tuned;A;11;I know we're short on supplies, but I think we have enough to take care of everybody here. It's just going to be tight.;en;False
fine-tuned;A;11;It's true. But look at the bigger picture here. If we send everyone to one hospital, all of our resources would be focused in one place, leaving none available elsewhere. That could mean somebody gets hurt because we didn't have ambulances available when they needed them. And then where would those patients go? Back to their homes without proper treatment? No way! This isn't a good;en;False
fine-tuned;A;11;They might, yes. But remember, we've been working overtime since yesterday morning. Everyone has done everything possible to save lives today. And most importantly, we still have some time left before nightfall. We can use that extra hour or two to transport as many injured people as we can to these nearby towns where they have better facilities equipped for emergencies like ours. If necessary, we can also call;en;False
fine-tuned;A;11;That makes sense actually. It gives me another idea. Maybe we could set up checkpoints throughout the city limits so that no one goes beyond certain points unless absolutely necessary. Then once people reach one checkpoint, they stay put until further notice. They can wait at least four hours outside the town limit signs before being allowed into another district again. That way we won't overwhelm local hospitals with sudden influxes of;en;False
fine-tuned;A;11;"Great. Thanks. Here’s my plan… First thing’s first – we’ll establish three main zones based off current population density levels: Zone One covers North Central City; Zone Two includes East Side Townships; finally, Zone Three spans West Coast Villages. In total, Zones One & Two together account for approximately half the affected area whereas Zone Three represents roughly one-third remaining territory. With regards to";en;False
fine-tuned;A;11;Absolutely. Absolutely. Actually, I already did. When it comes down to making decisions, we prioritize treating children above adults whenever possible simply due to biological reasons associated with survival chances depending upon severity of injuries sustained versus overall health condition prior incident occurrence. Also, pregnant women fall under top tier category followed closely behind elderly individuals who require special attention because of pre-existing conditions which may complicate recovery process significantly especially;en;False
fine-tuned;A;11;You bet I do. There’s this guy named Steve who runs a non-profit organization called “Emergency Services Network” (ESN). He used to work for FEMA back in the day before he retired several years ago citing family commitments amongst other things. Ever since retirement, he’s dedicated himself full-time helping out wherever disasters strike across country line. He has contacts pretty much anywhere you can imagine including military;en;False
fine-tuned;B;11;I don't see how this will work out though... We only got one ambulance. And there are two hospitals over 50 miles away from us. How do we get everyone who needs treatment there? We'd have to split them up between the two places, which means they'll lose precious time getting back home after their treatment. And besides, if anything happens while they're traveling there, nobody;en;False
fine-tuned;B;11;But what if someone had something more serious than broken bones? What if they needed surgery right now?!;en;False
fine-tuned;B;11;Yeah, yeah. But we shouldn't count on that happening. Besides, sending everyone everywhere else sounds risky too. Not knowing whether anyone made it safely somewhere else wouldn't feel very comforting either. Maybe we should try to organize ourselves differently instead? Like maybe having teams assigned specific areas within walking distance around each town center? That way, even if someone gets lost during rush hour traffic or whatever, they;en;False
fine-tuned;B;11;That's brilliant! I wish I thought of that earlier. Well, let's get started then.;en;False
fine-tuned;B;11;Okay. Alright. So basically you’re saying we’ll concentrate efforts primarily towards North Central City and East Side Towns since they house larger populations relative to others. Gotcha. Makes perfect sense. Let’s continue discussing logistics regarding transportation methods etcetera afterwards. For now though, let me ask you this: Have you considered implementing any sort of priority system amongst various categories such as age groups or medical;en;False
fine-tuned;B;11;Thank goodness. Good thinking. Now, speaking of which, do you happen to know anybody locally involved with volunteer organizations capable providing assistance during crisis situations? Because ideally, we’d prefer not relying solely on government agencies alone considering recent events surrounding budget cuts affecting federal funding allocation specifically targeted toward social services sector recently passed last month via congressional vote approval...;en;False
fine-tuned;B;11;Great! Okay great! Sounds good. I’m sure ESN will come in handy later on anyway. Alright, well thank you for taking the lead on this matter. You’ve given excellent input thus far. I hope nothing changes drastically between now tomorrow morning at 8am sharp when we meet back here again. If anything does change dramatically however, please feel free contacting me personally anytime using mobile number;en;False
fine-tuned;A;12;I'm pretty sure we've got enough supplies at hand, I don't think there's much else needed here. We're just going to have to send them out. But how? We'll probably only get a few trucks today, maybe even tomorrow if they're stuck somewhere else. We could use a helicopter, but I don't know who has one... There isn't time to wait though,;en;False
fine-tuned;A;12;Alright then. Let me check the maps again. This way will take us past two towns, each with 200 houses. The road is quite narrow between them, but that's ok. We should also stop off at some local aid stations along the route, they may have more supplies than we thought. And let's try to avoid any roads that are likely to collapse. That should give;en;False
fine-tuned;A;12;Ok, well let's head down that path. There are several villages ahead, I'd estimate around five hundred inhabitants total. They definitely deserve assistance as much as everyone else does. We'll set up base camp near the middle village. From there, we can split into groups and distribute the supplies evenly. One group can travel towards the east while another heads west. We can meet back up later tonight;en;False
fine-tuned;A;12;What's that? Did he see something strange? He doesn't sound too confident. Well whatever it is, it seems to be moving closer. We better watch ourselves. Don't touch any fallen trees or rocks. We never know what kind of damage they might have sustained during the quake. I feel like the earth hasn't stopped shaking yet. This disaster keeps giving us surprises. We better be careful;en;False
fine-tuned;A;12;You're right, it's best not to panic. We should continue forward and assess the situation from afar. If necessary, we can always retreat and come back later. But let's not jump to conclusions. The last thing we need is unnecessary tension. Everyone needs to relax and concentrate on their tasks. If anyone feels uncomfortable, tell me immediately. I'll arrange for some extra guards. Safety comes;en;False
fine-tuned;A;12;That's very generous of you, but I think we should leave security details to higher-ups. After all, it involves coordinating multiple units and personnel. We need clear instructions on how many men and women to dispatch, what equipment to carry, etc. That sort of planning requires expertise beyond our current capabilities. Of course, I'm happy to assist whenever I can, but I'm afraid I've got;en;False
fine-tuned;A;12;Okay, let's begin. I’ll drive the truck straight onto the main street. The villagers should recognize our vehicle – it’s painted yellow and has a big logo on the side. They’re familiar with the brand name. Once inside the town limits, please park beside the church building. It’s a landmark that stands tall above the surrounding structures. People should easily spot us there. Then, I;en;False
fine-tuned;B;12;I hear ya man! It's tough because this area needs immediate attention, especially since it's the epicenter. The problem is these earthquakes usually bring aftershocks which could cause further destruction and injuries. We shouldn't waste our resources. If anything happens after sending those supplies over, we won't be able to do anything right away. What do you suggest? We gotta work together on this one;en;False
fine-tuned;B;12;That sounds like a good idea, let's go. Just remember, no matter where we decide to send the stuff, it still might not reach its destination. We can't control everything that goes wrong in disasters. But at least we did something. Maybe someone gets saved. And when all hell breaks loose, we wouldn't regret having tried. So, shall we go? I hate being idle.;en;False
fine-tuned;B;12;Alright, great idea. I guess I'll lead the eastern team then. Let's move fast, but safely. We need to cover ground quickly before nightfall. It would be terrible to have to spend another day waiting. We can rest once we arrive at the next town. We should stay alert for signs of danger. Earthquakes aren't done yet. And now that you mention it,;en;False
fine-tuned;B;12;Yeah, yeah. I already told you guys. I didn't mean anything bad by my comment earlier. It wasn't directed toward you personally. I meant it generally, you know. No hard feelings. We've been through worse situations than this. As long as we remain calm and focused, we can deal with most challenges thrown our way. Remember, we're dealing with life and death matters here;en;False
fine-tuned;B;12;Thanks, sir. We appreciate your efforts to keep things running smoothly. I hope you understand why we had to ask questions earlier. We were just trying to prepare for potential dangers. But I believe we've learned our lesson now. We promise to be more cautious in future operations. In fact, I'd like to propose assigning a dedicated security detail for every mission from now on. That way, we;en;False
fine-tuned;B;12;Sure, that works fine. I'll put you in charge of the western team. Since you seem to have experience working in challenging environments, I trust you'll handle things efficiently. Please coordinate closely with your colleagues and report any issues promptly. We cannot afford delays in this critical operation. Every second counts. Now let's get started. Follow me and stick close to the truck. We're almost there;en;False
fine-tuned;B;12;Right, exactly. We’ve covered the basics—food, water, blankets, bandages, medicines, and basic tools. These items are essential for survival. However, given the circumstances, we should consider adding some additional supplies. For instance, portable stoves, cooking utensils, flashlights, batteries, and spare clothing. People may require shelter from the elements. Also, we should allocate some;en;False
fine-tuned;A;13;I'm fine. I think we're both fine. But that's no excuse for not following orders. If there wasn't an outbreak, people wouldn't have to do anything. It would just go back to normal. We'd all be able to live our lives freely without worrying about getting sick. So, yeah... It makes sense. But still... What if someone else gets sick? Then they;en;False
fine-tuned;A;13;You're right. No one can predict when someone might catch some kind of virus. That could really ruin my day, especially since I work out here almost every single day. I've already been exposed to many different kinds of germs throughout the years. So now that I know how serious this disease is, I feel like I need to take extra precautions to protect myself against it. Besides, I;en;False
fine-tuned;A;13;Oh yes, that story has gone around town. Everyone knows about it. He’s pretty stupid. I hope they fire him immediately. If anyone deserves losing their job, it’d be him. He doesn’t care about himself enough to follow basic safety guidelines. That shows me that he’s careless and irresponsible. I guess he wants to show everyone that he doesn’t give two shits about what others;en;False
fine-tuned;A;13;That’s what happens when someone tries to use excuses as an excuse. I bet the policeman didn’t believe her. Maybe he thought she was making up stories to avoid paying the ticket. People nowadays seem to be lazy. They’re unwilling to listen carefully to instructions, which results in misunderstandings. I’ve met several people who didn’t read signs clearly before. Instead, they just assumed they knew what;en;False
fine-tuned;A;13;Yes, definitely. I totally agree with you. I also believe that everybody needs to do whatever they can to help slow the spread of diseases. Wearing masks isn’t much trouble compared to staying home forever. As long as we continue practicing social distancing measures, hopefully cases will decrease rapidly. I think once hospitals become less crowded, doctors will have better chances to save patients’ lives. Once that happens;en;False
fine-tuned;A;13;Exactly. That’s why it’s crucial to cooperate with authorities whenever necessary. If we all try to protect ourselves first, nobody will survive. But if we prioritize helping others, eventually we’ll overcome this crisis together. Only united, can we defeat evil.;en;False
fine-tuned;A;13;Absolutely. People tend to panic under pressure, leading them to make rash choices detrimental towards themselves and others alike. That’s precisely reason why democracy exists—to ensure that majority rule prevails without compromising freedoms enjoyed individually by members comprising entire population. Unfortunately, many politicians abuse power granted them unfairly, causing chaos amongst citizenry. This is precisely reason why strong leadership matters greatly during crises—because weak leaders lead societies;en;False
fine-tuned;B;13;Oh, come on! That'll never happen again! They were only doing their job! And besides, even though masks aren't 100% effective, at least something will prevent them from spreading germs. So why not comply? Just put it over your nose and mouth, and everything will be okay.;en;False
fine-tuned;B;13;You mean you didn't get the flu last year? Oh wow, lucky you! That means you probably won’t ever get infected with coronavirus either! I’m jealous of you! I wish I had such good luck too. Well anyway… Let’s talk about something else then. Did you hear about the guy who got fired because he refused to wear his mask while working? His boss told him off;en;False
fine-tuned;B;13;I agree. It’s very unfortunate that people sometimes act selfishly instead of thinking about those around us. In fact, I heard another person being fined today for refusing to stay six feet away from others. I thought that was ridiculous. She claimed she couldn’t understand English properly, so she didn’t realize what sign meant. I wonder if the police officer believed her or not. I hope he did;en;False
fine-tuned;B;13;Well, maybe next time these people decide not to pay attention to warning signs, they’ll regret it later. I hope more and more people learn valuable lessons from mistakes made recently. I truly hope things settle down soon. Right now, everyone seems stressed out. Nobody feels safe anymore. Even though wearing face coverings may irritate most people, at least it helps stop the spread of illnesses.;en;False
fine-tuned;B;13;Yes, exactly. When there aren’t as many patients needing treatment simultaneously, medical professionals can focus on each individual case separately. This way, doctors will be able to provide quality healthcare services faster than usual. I think that’s the best thing that can happen during pandemics – having sufficient resources available for treating sick people efficiently. Otherwise, society could collapse completely within weeks due to lack of medical supplies.;en;False
fine-tuned;B;13;Exactly! There’s power in numbers. By supporting one another, we create stronger communities capable of surviving disasters. Without unity among citizens, governments cannot function effectively. Therefore, it’s important to support leaders who make sound decisions based on facts rather than emotions. We shouldn’t blindly follow rules set forth arbitrarily without questioning whether they actually benefit humanity as whole.;en;False
fine-tuned;B;13;That sounds reasonable. However, I worry about the potential negative effects associated with authoritarian regimes. For example, North Korea has strict control over its populace, yet it suffers economically due to isolationist policies implemented decades ago. South Korea, however, thrives thanks largely to economic liberalization allowing free trade agreements beneficial to global markets. Hence, excessive government interference tends discourage entrepreneurship essential for prosperity.;en;False
fine-tuned;A;14;I'm sorry, I didn't know that. But why do we have to? What's wrong if I take my mask off for just one second? It isn't like anyone will notice!;en;False
fine-tuned;A;14;But why does it matter? I've been here all day long without having anything happen to me. This virus has only affected a small number of people anyway. I doubt it'll come around here. Besides, nobody knows if this virus even exists at all. We probably won't ever catch something anyway. So relax! Don't worry about little things! It doesn't matter! It's okay!;en;False
fine-tuned;A;14;What did you mean when you said that? Why would you threaten me like that?! How dare you?! I'm going to call security! You're acting ridiculous! Just put your mask on already! I really don't care anymore! Go ahead! Take it off! That's exactly what you wanted, wasn't it? Well, you got it! Here, take it off! Have fun catching;en;False
fine-tuned;A;14;Wait. Wait. I’m getting angry again. No way am I letting you walk away. You’ve insulted me once more today. You can’t just pretend nothing happened. I demand an apology. Tell me where you stand. Apologize or I swear I’ll beat you up! I don’t give a damn whether I die or not! I’m not afraid of dying! I’m;en;False
fine-tuned;A;14;You’re not making sense right now. Why would you suddenly decide to walk away?! Did you just give up? Or were you planning on leaving earlier anyway? I thought you’d stay until closing time? What gives?;en;False
fine-tuned;A;14;Hey! What did you just say?! I heard you! Don’t talk to me like that! That’s low. Really low! I can’t believe you! How dare you! I’m warning you… I’m warning everybody in this store… Everyone’s gonna hear you talk about me like that. I can see all those eyes over there staring at us… And they’re all thinking about what;en;False
fine-tuned;A;14;No no no. You haven’t heard everything yet! I still haven’t finished what I wanted to say! You’re not getting rid of me that easy! You’re gonna pay for what you said about me! I’m gonna make sure you never forget about this! I’m telling you… I promise you… You are not getting away with this… You’re gonna regret it… You’re not;en;False
fine-tuned;B;14;I noticed you took your mask off, sir. I hope you're aware of how dangerous viruses can spread easily without wearing masks. They can travel up to three feet away from someone who is infected... And they could get into your lungs pretty fast...  And then you might start feeling sick. So please, put your mask back on immediately, before you cause yourself harm. Please. Put it back;en;False
fine-tuned;B;14;Are you serious right now? You think you shouldn't bother putting on a mask because maybe some random person out there somewhere may or may not be carrying an invisible virus that can kill them? Seriously? You're not being responsible! You need to put it back on! Now! Before it gets too late! Put it back on, or else! If you refuse, then fine. I guess it;en;False
fine-tuned;B;14;Hey, hey calm down. Look, man. I’m not trying to fight with you. I’ve had enough with these stupid rules myself. You’re free to go ahead and remove your mask whenever you want to. Nobody’s stopping you. But honestly, dude, if you take another step forward, I’ll punch you in the face. You’ve made your point. Now let’s both leave;en;False
fine-tuned;B;14;You know what? Forget it. I quit. Let’s go.;en;False
fine-tuned;B;14;What gave? I don’t see why I gotta listen to you! Just go ahead and take your mask off if you wanna risk it. I’m done talking to you. I’m gonna leave. I hate you. You’re such a jerk. You don’t deserve respect. People like you don’t belong anywhere. I hope the virus finds you soon. You’re asking for it! Bye bye;en;False
fine-tuned;B;14;Okay, cool. Whatever. Happy? Then shut up! Leave me alone! You’re wasting my time!;en;False
fine-tuned;B;14;Shut up, man. You sound crazy. I don’t want to hear anymore. I’m gone. I’m outta here. I’m tired of listening to you. Get lost. You’re giving me a headache. I’m leaving. I’m quitting. I’m walking away. I’m checking out. Bye-bye. See ya later.;en;False
fine-tuned;A;15;Well... I just think that if we're going to go out into the world anyway, then there's no point to wearing masks. Besides, they make me feel like I can’t breathe!;en;False
fine-tuned;A;15;Oh, okay. Sorry, man. That wasn't very nice of me. Here’s mine. Put yours on, will ya? We gotta look out for each other during these times. Just give it some time, and things’ll settle down soon enough.;en;False
fine-tuned;A;15;Sure thing. Hey, how long have you been here today? It seems like forever since we got here. Are you getting tired yet?;en;False
fine-tuned;A;15;I dunno. I guess everybody has his own opinion on stuff like that. Personally, I’d rather take care of myself than worry about what others might decide to do. I try hard never to judge anyone unless I absolutely have to. Most folks aren’t bad guys. I believe most people are actually pretty decent once you talk to them. There’s nothing wrong with trusting strangers. It keeps us;en;False
fine-tuned;A;15;You’re right, and besides, I bet they’re not really doing it to hurt anybody. Maybe they just don’t realize how dangerous it is. Or maybe they’re not aware that they’re breaking the rules. Either way, it still makes me uncomfortable. Especially since we live in such close proximity as neighbors. You ever had a run-in with your neighbors before? Like, an argument or something;en;False
fine-tuned;A;15;Yeah, well, that sounds familiar. I also felt that same way about you. It took us a little bit longer to warm up to each other. In fact, I think we’re only starting to become friends now. It takes time sometimes, but eventually, we’ll figure it out. We have to learn to let people be themselves. We shouldn’t jump to conclusions based on stereotypes. Nobody;en;False
fine-tuned;A;15;No kidding! Oh, wow, you sound just like me! It’s amazing how alike we are. No wonder we hit it off so quickly. Maybe it’s karma or destiny or something. It sure feels like fate brought us together somehow. Have you ever heard of the old saying “opposites attract?” Well, apparently, opposites don’t necessarily attract. Sometimes, like in our case,;en;False
fine-tuned;B;15;Well, I'm sorry about that. But my doctor told me that I have to do everything possible to prevent myself from catching anything right now. And for me, that means wearing a mask. So I really need you to please put one back on. It would mean a lot to me. I know it doesn't seem important to you, but it does matter to me. Can you at least;en;False
fine-tuned;B;15;Yeah, maybe. Anyway, thanks again. I’m glad you’re being such a good sport. Let’s get our shopping done, shall we?;en;False
fine-tuned;B;15;Not too much. How bout you? You gonna start heading home already? I’ve heard all kinds of rumors lately about people taking off their masks while walking around outside, especially when nobody else is nearby. People say it happens quite often, even though it’s against the law. I hope it isn’t true. I hate those kind of stories. They make me nervous. What do you think?;en;False
fine-tuned;B;15;Hey, I hear you. I agree totally. It’s crazy thinking that someone could possibly hurt you nowadays. It’s not natural. We were built differently. We evolved over millions of years to survive and thrive together. If we didn’t trust one another, humanity wouldn’t exist anymore. It’s just human nature to help each other out whenever we can. People who don’t trust others are probably;en;False
fine-tuned;B;15;Nope. Never. Not until recently, anyway. But yeah, I see where you’re coming from. When we first moved next door to each other, we both kept to ourselves because neither of us knew exactly what to expect from the other person. I remember feeling kind of wary of her. She seemed like she wanted to come across as more friendly than she really was. I thought she was;en;False
fine-tuned;B;15;That’s great advice. Thanks. Hey, speaking of which, did you tell her how you feel about her? I know she likes you, and I want her to be happy. I wish I had the courage to ask her out sometime soon. It would be fun having two people interested in me. I wonder how many other people have feelings for me, but haven’t asked me out yet.;en;False
fine-tuned;B;15;I love this place! Did you grow up near here? I used to visit all the time growing up. My parents loved to bring me to the beach. It reminds me of home every time I walk past the ocean. Isn’t that funny? This area looks different to me now that I’m older. Back then, it looked completely different. Everything seemed bigger, brighter, and fuller of life;en;False
fine-tuned;A;16;I know that, but I'm just worried about my health. I have asthma. If something bad happens here, I'll probably die. And then there will be no one left to take care of you. So... can we please go back home?;en;False
fine-tuned;A;16;Well, fine. We’ll stay at home for now. I guess you win. But if anyone comes over while we’re gone, tell them that we’re not available right now. They won’t understand why though. Because we were going to leave anyway. But yeah, I think maybe we’ll go somewhere else. Maybe we could find someplace outside where people aren’t wearing masks anymore.;en;False
fine-tuned;A;16;No, nothing happened yet. She doesn’t know about our little adventure together. We’ve been seeing each other secretly since last week. But I’m still trying to figure her out. I mean, she seems really sweet and nice most of the time. But sometimes I catch her staring at another guy. And once she even told me that she misses someone who lives nearby. I asked her who it;en;False
fine-tuned;A;16;What does that mean? Are you two planning on doing something more serious than just having sex behind his back? Is that what this whole thing is about? Is she thinking about leaving her family forever? Oh God, this isn’t good. This can’t be happening. Not to me. I haven’t even met her family yet. How am I supposed to live with her without meeting them first?;en;False
fine-tuned;A;16;Wait a minute. You’re telling me that she wants to leave her husband and children behind for you? What kind of person would do such a thing?! And why didn’t she ever mention anything to me before? Does she even consider me as part of her life? No wonder she acts so distant towards me lately. She’s been playing both sides against each other all along. That’s so unfair;en;False
fine-tuned;A;16;Yeah, but she shouldn’t make decisions based only on feelings. She needs to think logically. Especially when it involves her kids. If she leaves, she’s abandoning them. They’re already growing up without their father around. It wouldn’t be fair to put them under additional stress by moving across town. They deserve stability.;en;False
fine-tuned;A;16;That sounds promising. I hope she’s right. But I wish she’d listen to me for once. I feel like I’m being ignored completely. I don’T think I can handle living with secrets like this. I need honesty and transparency. Otherwise, I’ll lose faith in her completely. I’m afraid I’ll wake up tomorrow morning feeling lonely and betrayed. That’s what happened the last time;en;False
fine-tuned;B;16;Well, alright, let's do whatever you want. Just get outta here. But when we get home, you're taking off all those masks! I swear! You’re gonna have to take them off before I even give you a hug. That’s how much I hate these things! It’s like they’re trying to kill us, man. They’re suffocating me. Seriously,;en;False
fine-tuned;B;16;Yeah, sure thing. Why did you decide to come visit today anyways? Did anything happen between you and your wife recently? Or maybe she found out about your secret life and decided to break up with you?;en;False
fine-tuned;B;16;I thought she meant her husband. But she denied it. I don’t believe her. She’s lying again. And she knows very well that I’m suspicious. But instead of talking to me honestly, she keeps pretending everything is okay. It makes me mad because I love her too much. But she’s making it hard for me to show it. I need to talk to her tonight. And;en;False
fine-tuned;B;16;It’s complicated. I don’ t know exactly myself. But yes, we might be getting married soon. I didn’t realize until yesterday evening, actually. I saw her sitting alone on a park bench looking upset. I went over to comfort her and then kissed her. She kissed me back, and from then on everything became clear. I knew she loved me. But I also knew that I;en;False
fine-tuned;B;16;Listen, you have to trust me. She wouldn’t do something like that unless she had a really solid reason for it. Believe me. I’d never ask her to do something that would hurt others. I promise you. She loves you deeply. She’s just confused about whether staying with him is better or running away is better. That’s why she hasn’t made up her mind yet. She;en;False
fine-tuned;B;16;You’re absolutely right. That’s definitely something she has to consider carefully. But she believes that being with me is worth risking it. She thinks it’ll help bring her family closer together eventually. She’s convinced that he’ll change if she sticks around long enough. She hopes he’ll become more responsible and stop drinking alcohol all the time.;en;False
fine-tuned;B;16;Oh, honey. Don’t worry about it. I’ll try my best to convince her to open up to you again. I’ll remind her how important it is for friends to communicate openly. I’ll encourage her to share her problems with you rather than keeping quiet about them. Please forgive me for not saying anything sooner. I tried my hardest to protect your relationship. But now that I know the;en;False
fine-tuned;A;17;I'm just trying to stay healthy, that's all. I mean... look at yourself! You're coughing up a lung right there! Don't tell me you didn't catch anything from your last trip out? What if you gave it to me?!  I wouldn't have a job anymore, man! I'd lose my pay check for sure. So please, just do us both a;en;False
fine-tuned;A;17;Alright, alright. I hear ya. But seriously, buddy. Just put that damn thing back over your face before someone gets sick off of you. We can't let this spread further than necessary. That's why they made this rule in the first place. And I'll help you find another option if you really hate how it fits. But until then, just wear it. For our own good;en;False
fine-tuned;A;17;Okay, cool beans. Just make sure nobody catches anything from you while you’re at it. Otherwise, you might have to call in sick again.;en;False
fine-tuned;A;17;No, no, hold on. Just let me finish talking about the subject. Okay? So anyway, I think it’d actually be better to just stick with this one instead of getting a different kind. Because if you change your mind halfway through, then you may never get used to whatever alternative version of this item you chose. Instead, just tough it out and try to adapt. Like you’ve;en;False
fine-tuned;A;17;Exactly. And besides, who wants to spend their whole life being a germaphobe anyway? Not me. Nobody likes dealing with sicknesses. Even if sometimes it’s unavoidable, which is often the case with certain viruses. In fact, I think that’s part of what makes humanity so resilient as a species. We learn from past mistakes and use that knowledge to avoid making similar errors in the future;en;False
fine-tuned;A;17;And speaking of that, isn’t that the whole reason behind social distancing measures like quarantining ourselves indoors whenever possible? To prevent the spread of germs among crowds of people? Isn’t that essentially what you were doing today? Wearing a mask and staying away from others until you felt confident enough that you weren’t contagious anymore?;en;False
fine-tuned;A;17;Well, at least you managed to grab some essential supplies. That wasn’t such a terrible outcome. At least you avoided wasting money buying unnecessary stuff. And you probably saved yourself quite a bit of time by avoiding crowded areas altogether. Which means you probably came home faster than usual. Right?;en;False
fine-tuned;B;17;Alright alright, alright alright, calm down. I know we need to take precautions during these times. But honestly, I've been wearing masks forever and ever since I could remember. This one just feels too tight around here. Can't breathe. It's suffocating. Maybe give me some time to adjust. Or maybe find something else I can wear. Something less restrictive. Please, no more;en;False
fine-tuned;B;17;No problem. Thanks again for taking care of me. I appreciate everything you did. Let’s go shopping now. Oh wait… where am I going with this? Oh yeah. Let’s get you some of those cloth ones. I’ll try them on. If I still feel uncomfortable afterwards, then okay, I will comply. But otherwise, I’m sticking with this one. It’s fine.;en;False
fine-tuned;B;17;Yeah, well. It depends. If I start feeling bad later tonight, then I probably won’t come into work tomorrow. Then again though, if I just got over an illness recently and already recovered, then chances are pretty slim that I would pass anything along. Either way, it shouldn’t affect much because even when people do get sick, most folks only miss two or three days tops. And;en;False
fine-tuned;B;17;You know what? I guess I see your point. I suppose you’re right. If I want to continue living comfortably, without having to worry about catching colds constantly, then I need to suck it up and deal with things. Especially considering how long it takes for people to recover from common illnesses nowadays. I mean, it’s not like I’m gonna get hit by a bus or anything.;en;False
fine-tuned;B;17;That sounds about right. And hey, thanks for reminding me. It definitely helps remind myself to practice good hygiene habits. Like washing hands regularly and covering mouths when sneezing or coughing. And yes, I totally agree with you. There has gotta be something wrong with me if I haven’t caught a single cold within the span of several years.;en;False
fine-tuned;B;17;I guess you could say that. But I also wanted to save money. I didn’t buy anything today except for some toilet paper. Seriously, I didn’t bring any cash with me either. I had to rely solely on my debit card. So obviously, I couldn’t afford very many items due to limited funds.;en;False
fine-tuned;B;17;Right you are, sir. And thank goodness you’re finally seeing eye-to-eye with me on this issue. It took you a little longer to convince me than expected. But in the end, I believe you proved once-and-for-all that it’s important to listen to other perspectives and respect differences between individuals. After all, everyone responds differently to external stimuli, especially when faced with unfamiliar situations like pandemic;en;False
fine-tuned;A;18;I'm not really feeling well today. I think I've caught something from one of my coworkers. I just wanted to come out for some fresh air. Besides, masks aren't that great. They're uncomfortable and they make talking difficult. I'd rather take my chances without them. I'll probably go back home soon anyway.;en;False
fine-tuned;A;18;Thanks for asking about me, but no need to worry about getting medical help right now. I can wait until tomorrow before going to see the doctor if necessary. I doubt anything serious will happen unless there's already been an epidemic where I work. In fact, most people who catch colds only stay sick for three or four days tops. That's why I thought it might be okay to skip masking;en;False
fine-tuned;A;18;Oh, hi there. Yeah, I brought a couple of packages of cookies along with me as usual. I got some chocolate chip ones and some oatmeal raisin ones. Both are pretty good treats. Why don't you grab yourself some while I finish paying for these groceries?;en;False
fine-tuned;A;18;Hey hey, watch where you step! You almost stepped on me! I didn't realize anyone else came through the door behind us. Oopsie. Sorry. How are you holding up? Still feeling better? I hope so. Here’s another package of cookies for you. Have fun munching!;en;False
fine-tuned;A;18;Don’t mention it, B. Honestly, I enjoy having company while I shop around here. It keeps me awake and alert. Plus, we both like cookies so we usually end up eating quite a bit of them together. So you weren’t actually a bother at all. Just a pleasure to have you with me. Don’t stress yourself about it. It doesn’t matter.;en;False
fine-tuned;A;18;No problem. No worries. Just tell me anytime you’d like to join me. We’ll share whatever we bought between us and split the bill 50/50. Happy shopping!;en;False
fine-tuned;A;18;Bye! Take care!;en;False
fine-tuned;B;18;I know how you feel! I hate wearing those things too... It's hard enough to talk when we have a face full of food. But seriously though, do you want me to call an ambulance? Or maybe we could go get you checked up at our local hospital? We shouldn't ignore signs of illness. That would be unwise.;en;False
fine-tuned;B;18;So, let's assume that everything goes according to plan here, then. What did you bring with you today? Anything delicious? I heard the smell of baked goods wafting over into my direction earlier. Did someone buy cookies again? Oh, I love cookies. Especially chocolate chip ones. And raisin walnut ones. Those are fantastic. Mmm... raisins... yummy...;en;False
fine-tuned;B;18;Sounds nice. I haven't had a cookie yet today, although I did have a bagel with cream cheese and strawberry jam. Yum! So satisfying. Anyway, sure thing. Thanks for letting me tag along with you shopping. This makes the time pass much more quickly than otherwise. If I were alone doing all of this stuff, it wouldn't even cross my mind to try some tasty snacks;en;False
fine-tuned;B;18;Thank you very much. I appreciate you giving me some extra cookies. They’re always welcome. By the way, I’m sorry for being such a burden to you during the whole trip. I guess it wasn’t worth bringing me along since you’ve already done so much for me already. I promise to be less trouble next time. I’ll definitely pay attention to you more closely in the future.;en;False
fine-tuned;B;18;Well thank you. I really appreciate you saying that. I know you mean it sincerely. It means a lot to hear that kind of encouragement from others. You made my day. Now that I know you care, I won’t hesitate to ask you for favors whenever I run short on cash or if I ever get hungry.;en;False
fine-tuned;B;18;Okay, thanks. I will. Bye now. Nice meeting you. See ya later!;en;False
fine-tuned;B;18;You too! Hope you find some nice cookies down there!;en;False
base;A;1;Alright, I think we should consider my approach for leading the next meeting since the project needs clear strategic direction and efficient decision-making moving forward. My analysis and planning can help us stay on track more effectively. What do you think? Have you had a chance to review the latest data on our progress? It might influence our decisions on who leads the meeting.;en;False
base;A;1;I see where you're coming from, but let’s focus on leveraging our strengths together. While adaptability is crucial, I propose a hybrid approach—starting with a structured outline led by me to ensure we cover all necessary points efficiently. Then, we can open it up for broader input during the latter part of the meeting. This way, everyone benefits from both precision and flexibility. How does that sound;en;False
base;A;1;Great, I agree. We should prioritize discussing the current project status, identifying any roadblocks, and setting clear goals for the near future. From there, we can dive into specific strategies to overcome those obstacles and allocate resources effectively. What else do you think we should include?;en;False
base;A;1;"Sounds perfect. Including stakeholder and customer feedback will definitely strengthen our strategy. Let's set aside time for that as well. For brainstorming, maybe we can dedicate 30 minutes towards the end of the meeting after we've covered everything else. This will allow us to generate fresh ideas without rushing. What do others on the team think if we stick to this agenda?

Given the importance of each";en;False
base;A;1;"That works for me. Sending out the summary will ensure everyone is on the same page. Once we get the confirmation back, we can finalize the details. Any last-minute thoughts or adjustments needed?

Let's move forward with confidence, knowing we have a comprehensive plan in place.";en;False
base;A;1;"Let's wrap up here for now. Double-checking the timing with another colleague won't hurt, just to make sure everyone fits it into their schedules comfortably. But otherwise, let's leave it to you to finalize the email. 

Once you send it out, I'll take a quick look over it before it goes out to the whole team. That way, we can catch any minor adjustments if";en;False
base;A;1;"No problem at all. Thoroughness is key to ensuring everything runs smoothly. Thanks for taking the initiative to send the email and including me for a final check. I appreciate your cooperation.

Looking forward to a productive meeting tomorrow. Let's make it count.";en;False
base;B;1;That's a great point, and I appreciate you bringing up the need for clarity and efficiency. However, I believe my insights could complement yours perfectly. With the upcoming changes in the team dynamics and some fresh ideas from recent brainstorming sessions, I think I can bring a different angle to the table. Plus, having someone flexible and adaptable like me leading the discussion might help us navigate these shifts smoothly.;en;False
base;B;1;I really like that idea! Combining structure with openness sounds ideal. Starting with a solid outline would give us a strong foundation while still allowing room for creative input later. And knowing you'll handle the initial segment ensures we don't miss anything critical. Let's go ahead and plan out those key points then. What topics do you suggest we prioritize first?;en;False
base;B;1;Definitely, those are essential areas to cover. Additionally, I think it would be beneficial to spend time on feedback from our stakeholders and customers. Understanding their perspectives can provide valuable insights and help us align better with their expectations. Also, let's make sure to allocate some time for brainstorming innovative solutions to potential challenges. This holistic approach will ensure we’re well-prepared and responsive. What doyou;en;False
base;B;1;"Absolutely, that sounds well-rounded. Having dedicated time for brainstormING will give us the space to come up with innovative solutions. I’ll send out an email summarizing the agenda and confirm with everyone before the meeting. If they have any additional suggestions or concerns, now is the time to voice them.

Does anyone else have any comments or additions to the proposed schedule?";en;False
base;B;1;"Great, I'm confident once we finalize the details, we'll have a productive meeting. I'll draft the email and send it out shortly. In the meantime, if anyone has any last-minute thoughts, feel free to share!

Shall we wrap up here and start working on the specifics? Or do you want to touch base quickly with another colleague to double-check the timing?";en;False
base;B;1;"Sounds good. I'll send the email right away and include you to review it. We can make any small tweaks based on your feedback. After that, I'll distribute it to the rest of the team.

Thanks for being so thorough. Looking forward to a successful meeting tomorrow!";en;False
base;B;1;"You bet! I’m excited too. Cooperation makes all the difference, and I know our team will pull together to achieve our goals. Here’s to a productive and effective meeting!

Catch you tomorrow, and let's make it happen!";en;False
base;A;2;Sure, let's get started then. I think leading the meeting would allow us to cover all critical points efficiently and make well-informed decisions moving forward. What do you think could be an issue if someone else leads? We need to ensure we're on track with our deadlines and goals.;en;False
base;A;2;"That sounds like a valid point, but as an INTJ, I'm more focused on strategic planning and ensuring everything aligns with our long-term objectives. Another leader might prioritize different aspects, which could potentially overlook important technical details or logistical challenges. For instance, if someone less analytical takes over, we might skip over some necessary data analysis steps that are crucial for making informed decisions.

Moreover, while creativity";en;False
base;A;2;"Co-leading sounds like a solid compromise. It would allow us both to contribute effectively—my strengths in strategy and detail management combined with your innovative ideas. Rotating roles regularly ensures a balanced approach and keeps things dynamic. Let’s draft a plan for rotating leadership every couple of weeks. This way, we can maintain consistency and ensure no aspect gets overlooked. 

When do you propose we schedule the next meeting";en;False
base;A;2;"Definitely, setting Wednesday at 9 AM works well. Let's start drafting the basic structure right away. I'll take care of the strategic overview and logistical details, while you can focus on the creative elements and brainstorming sessions. This division will help keep the meeting organized and efficient.

Shall we begin outlining the main topics and assigning responsibilities now?";en;False
base;A;2;"Sounds perfect. Let's get started. I’ll put together the market trends update, project timeline review, and resource allocation check. On my mark, you can kick off the creative sections. Ready when you are!

I’ll shoot these initial notes over to you shortly.";en;False
base;A;2;"Great, I appreciate that. I’ll start working on the strategic part right away. If you need any specific data or inputs from me beforehand, just let me know. 

Looking forward to seeing what you come up with for the creative sessions. This collaboration should yield some excellent results. I’ll get going on my portion now. Stay tuned!";en;False
base;A;2;"Absolutely, looking forward to it. Collaboration definitely strengthens our capabilities. Make sure to send the first batch when you’re done—I’ll follow up if needed.

Have a great day, and let’s make this meeting productive and insightful. See you soon with those notes!";en;False
base;B;2;"I totally agree that covering all critical points is crucial for efficiency. As someone who thrives on creativity and innovation, having me lead can bring fresh perspectives and energize the team. Plus, my ability to connect with everyone might help smooth out any tensions or misunderstandings that arise during discussions.

What specifically concerns you about another leader taking charge? Are there particular areas where they might miss key details or insights";en;False
base;B;2;That makes sense. My focus tends to be on the big picture and generating creative solutions, but sometimes getting into the nitty-gritty details is essential too. How about we find a middle ground? Could we co-lead the meeting? This way, you can handle the strategic planning and I can inject those creative ideas. We could even rotate roles every few meetings to ensure both perspectives are equally represented;en;False
base;B;2;"Great idea! Let's set the next meeting for Wednesday at 10 AM. That gives us enough time to prepare and also fits within everyone's schedules. Should we start drafting the agenda now or perhaps send out a preliminary outline later today?

Also, since we'll be co-leading, maybe we can each take responsibility for certain parts of the discussion to streamline the process. I can handle the creative";en;False
base;B;2;"Absolutely, let's dive in. Here’s a quick breakdown:

**Strategic Overview & Logistical Details (Your Part):**
- Market trends update
- Project timeline review
- Resource allocation check

**Creative Elements & Brainstorming Sessions (My Part):**
1. New feature ideas
2. User feedback synthesis
3. Innovation challenge session

How does this sound? Shall we start";en;False
base;B;2;"Perfect, thanks for taking the lead on that. I'll gather up the relevant data and compile it quickly. Once I've got everything ready, I'll send it over. Looking forward to kicking off the creative sessions afterward. 

Feel free to reach out if you need anything from my side before I send the updates. Ready whenever you are!";en;False
base;B;2;"Thanks, Person A! I'll make sure to gather all the necessary data and send it over as soon as possible. Collaboration really enhances our efforts, and I’m excited to see how our combined skills will drive the project forward.

Got everything under control here. I’ll hit the floor running. See you with the first batch of notes soon!";en;False
base;B;2;"Will do! Have a great day ahead. Can't wait to see how we can improve and innovate together. See you shortly with the first draft.

Take care!";en;False
base;A;3;Alright, I think leading the next meeting would be beneficial for several reasons. With my experience and detailed planning skills, we can ensure everything runs smoothly and efficiently. Plus, having someone familiar with our processes guide the discussion could save us time and prevent misunderstandings. What do you think? Any concerns about me taking the lead?;en;False
base;A;3;That sounds like a great compromise. My structured approach combined with your energizing touch could really enhance the meeting. Let’s outline a plan where I handle the agenda and timelines, ensuring we stay organized, and you can bring in those creative elements during specific segments. This way, we maintain order without stifling innovation. What does that sound like to you?;en;False
base;A;3;Great idea! Setting aside dedicated time for brainstorming will definitely encourage participation and creativity. I'll prepare an outline with these breaks included. Having clear transitions between structured parts and open discussions will help maintain focus when needed and unleash innovative thinking otherwise. Shall we finalize this plan and send it out before the meeting?;en;False
base;A;3;Absolutely, let's do it. I'll gather our notes and proposals first, then we can integrate your brainstorming sections. We can meet in half an hour to go over everything. Sound good? Let's make sure every detail is covered so the meeting goes as smooth as possible.;en;False
base;A;3;Perfect, I'll start organizing our materials too. Half an hour from now, we should have a solid foundation to build upon. Thanks for being flexible and collaborative. Let's make this meeting a success. See you soon.;en;False
base;A;3;Exactly, flexibility will keep us adaptable. Our team has some fantastic ideas, and combining them will only strengthen our project. Let's aim for excellence. See you later to lock in the details. Here’s to a successful meeting!;en;False
base;A;3;Cheers to that! Pooling our strengths will definitely take us further. See you很快我们就能敲定所有细节。干杯！让我们共同创造成功！稍后见，一起完善一切。祝好运！;en;True
base;B;3;Oh, definitely! I get where you're coming from and appreciate your thoroughness. But let's also consider the dynamic energy needed to kick things off. We've got some fresh ideas bubbling up, and maybe a more spontaneous approach might help spark creativity. How about if we combine both styles—your structured planning and my energetic vibe? That way, we cover all bases while keeping everyone engaged.;en;False
base;B;3;Sounds perfect! And hey, why don't we start by setting aside 15 minutes for brainstorming sessions after each segment to give everyone a chance to contribute their wild ideas? That way we keep the flow going and no one feels left out. Plus, it’ll make sure we balance structure with spontaneity nicely. What do ya think?;en;False
base;B;3;Definitely! Let's put together the outline quickly. I can draft the main points and timings, and you add in the brainstorming segments. Then we can review it together before sending it out. This way we’re both involved and nothing gets missed. Ready to hit it?;en;False
base;B;3;Works for me! I'll pull together our notes and any relevant proposals right away. See you in half anhour to go over it. This way everything is well thought out and we won’t miss anything important. Looking forward to it!;en;False
base;B;3;No problem at all! Flexibility is key, especially when we’ve got such a dynamic team. Can't wait to see what we come up with together. See you shortly to nail down the details. Success here we come!;en;False
base;B;3;Absolutely! Our team is full of great minds, and when we pool our strengths, there’s no limit to what we can achieve. Here’s raising a toast to a successful outcome! See you in a bit to finalize everything. Cheers!;en;False
base;B;3;"很快就能够敲定所有details了。干杯！”让我们共同努力创造出最好的结果！一会儿见，我们一起把一切都完善好。祝好运！

（注：这里的翻译试图保持与原始对话的风格一致，并确保内容连贯和自然。）";zh-cn;True
base;A;4;Alright, I think we should consider my experience for leading the next meeting since I've been tracking our progress closely and have some specific ideas on how to move forward efficiently. Plus, I believe I can keep everyone focused on our goals without losing sight of details. What do you think?;en;False
base;A;4;That's an interesting idea, but I'm more comfortable sticking to what I know works well. My approach tends to ensure everything is methodically planned and executed smoothly. However, I appreciate the energy boost you bring to meetings. Maybe we can find a middle ground where you take the lead occasionally while I handle the detailed planning sessions. This way, both styles contribute effectively. What do你继续原来的对话;en;True
base;A;4;I like that suggestion. Rotating leadership makes sense and leverages our different strengths appropriately. I'll prepare the detailed plans for the logistical phases as needed, and you can focus on boosting morale during creative sessions. Let's schedule a quick meeting soon to go over specifics and assign dates for each role. This way we cover all bases and keep things running smoothly. When would you suggest?;en;False
base;A;4;Tomorrow afternoon works perfectly for me. How about 2 PM? That gives us enough time to review everything before the rest of the team arrives around 3 PM. Is that convenient for you? We can finalize the schedule and分工细节。;en;True
base;A;4;Yes, that would be very helpful. Drafting a tentative schedule based on our rotation would give everyone clarity upfront. Include specific dates for each phase and mention who is leading which part. Also, feel free to include any preliminary notes or considerations for each session. This will ensure smooth transitions and better preparation from everyone involved. Thanks for taking the initiative!;en;False
base;A;4;"Great, thanks for putting that together. It looks solid. Just one thing to double-check: Are March 15 and XX correct dates? If not, please update them. Also, adding brief descriptions or action items under each section might help clarify expectations further.

Once you've finalized these points, I'll review them and provide any necessary adjustments. Looking forward to seeing the full draft!";en;False
base;A;4;"Looks good so far. Just a small tweak for readability—let's use consistent capitalization and punctuation. Here’s what I propose:

- ** April 10th (Logistical Phases)**
  + Leader: PersonA
  + Notes/Consideruations: Detailed Planning & Resource Allocation,Timeline Updates

- ** April17th (Creative Sessions)**
  ++ Leader: Me";en;False
base;B;4;Hey there! I hear ya, and honestly, I’ve noticed your attention to detail has really paid off. But let me throw something out there—I’m excited about taking charge too because I love getting everyone energized and moving towards our objectives together. Think about it—combining our strengths could make the meeting super dynamic and productive. How does that sound? And maybe we could even switch up roles;en;False
base;B;4;That sounds like a great compromise! We could rotate leadership based on the needs of each project phase. For instance, if we're focusing heavily on logistics, you could lead then, ensuring all bases are covered. Conversely, when creativity and motivation are key, I can step up and help spark those moments. It’s all about balancing efficiency with enthusiasm. What do YOU think? Let's plan this out;en;False
base;B;4;Sounds perfect! How about we set up a meeting for tomorrow afternoon right after lunch? Everyone will still be fresh, and we can dive into the details without any rush. Plus, having the whole team present might give us valuable input too. What time works best for you?;en;False
base;B;4;Absolutely, 2 PM works great for me too. Let's meet then and nail down all the details. I’ll start preparing the outline now and send it over beforehand so we’re all on the same page. Should I also draft a tentative schedule for the upcoming weeks based on our proposed rotation?;en;False
base;B;4;"No problem at all! I’ll get started on that right away. Here’s a rough draft:

- **March 15 (Logistical Phase)**
  - Leader: Person A
  - Notes/Considerations: Detailed planning, resource allocation, timeline updates
  
- **March XX (Creative Session)**
  – Leader: Me
  – Notes/Consideration: Team brainstorming";en;False
base;B;4;"Got it, no worries! I’ll update the dates to accurate ones. Here’s the revised version:

- **April 10 (Logistical_phase)**
  • Leader: Person_A
  • Notes/ConsiderATIONS: Detailed Planning, Resource Allocation, Timeline Updates
  
- **April_17 (Creative_Session)**
  * Leader: ME
  * Notes/Action_Items:";en;False
base;B;4;"Perfect, consistency is key! Here’s the updated version with your tweaks:

- **Monday, April 1st (Logistical_Phase)**
  +++ Leader: Person\_A
  ++++ Notes/Consideritions: Detailed_Planning & Resource_Allocation, Timeline\_Updates

- **Wednesday, April 3rd (Creative_Sessions)**
  **** Leader: ME

I’ll";en;False
base;A;5;Alright, I think we need to get this project back on track. Leading the next meeting would allow me to outline our goals clearly and ensure everyone understands their responsibilities. What do you think? Have you considered the impact of having someone else take charge instead?;en;False
base;A;5;"I understand where you're coming from, and I appreciate the value of creativity and collaboration. However, as someone who values structure and efficiency, I'm concerned that without clear direction, we might lose focus. Having a structured agenda and defined objectives ensures we make progress efficiently. 

Let’s combine forces then—how about I lead the meeting with a solid plan, and after that, we can open up";en;False
base;A;5;"That works well for me. Let's set aside the last 15 minutes specifically for brainstormING and feedback. This way, we cover all bases—getting everyone on the same page initially and then allowing space for innovative ideas. How about we finalize the agenda tonight and send it out before the meeting?

Also, if you could prepare some key questions or prompts for the brainstorm session, that would really";en;False
base;A;5;"Great, thanks for jumping right into it. For the brainstorming, let's focus on potential challenges we've faced recently and how we can overcome them. Also, consider including suggestions for improving our workflow and identifying new opportunities within the project scope.

Having these themes covered should give us a comprehensive range of topics to discuss. Once you have the prompts sorted, I'll review them too and make sure they";en;False
base;A;5;"Those look excellent. Here are mine to complement yours:

4. **Feedback on Current Processes:** ""Share your thoughts on the current processes and identify areas for improvement based on personal experience.""
5. **Innovative Solutions:** ""Discuss any innovative approaches or technologies that could benefit our project.""

Adding these should cover all angles. Shall we include these in the email you’re sending out tonight?

Also,";en;False
base;A;5;"Sounds good, go ahead and attach the email. I’ll review it quickly and get back to you if there are any adjustments needed.

While you’re putting together the email, maybe we should also schedule a quick call to touch base tomorrow morning to finalize everything. That way, we can ensure nothing slips through the cracks.

Once you’ve sent the email, I’ll confirm receipt and double-check the details";en;False
base;A;5;"Perfect, 9 AM tomorrow works for me. Attach and send theemail now. I'll confirm my availability immediately upon receiving it.

You're welcome—I’m glad we could come to a productive agreement. Our teamwork will definitely strengthen our project efforts. See you tomorrow!

Looking forward to our discussion.";en;False
base;B;5;"I appreciate your concern for getting things moving again, but I believe leading the meeting could provide an opportunity to explore different perspectives and ideas more openly. My approach tends to bring out creative solutions and encourage collaboration among team members. It might help us find a better path forward together.

What concerns do you have about my taking the lead? Maybe there's something specific you're worried about that we can address.";en;False
base;B;5;"That sounds like a great compromise! With a solid plan laid out first, we can still maintain clarity while also fostering discussion. Plus, starting with a structured agenda gives everyone a sense of security and direction. Afterward, opening up the floor for input will ensure no one feels left behind.

How does setting aside some time specifically for brainstorming and feedback sound? We can allocate 15-2";en;False
base;B;5;"Sounds perfect! Preparing those key questions or prompting points beforehand will definitely streamline the process and guide the brainstorming effectively. I'll start working on them right away and aim to have everything ready by tonight.

Do you have any specific areas you'd like to focus on during the brainstorming session? Any initial thoughts or topics you think should be included in the prompt list?

Looking forward to collaborating and making";en;False
base;B;5;"Absolutely, focusing on challenges, workflow improvements, and new opportunities makes sense. Here are a few initial prompts I came up with:

1. **Challenges:** ""Identify recent roadblocks or obstacles we've encountered and suggest strategies to overcome them.""
2. **Workflow Improvements:** ""Propose changes or additions to our current workflow that could enhance productivity and efficiency.""
3. **New Opportunities:**";en;False
base;B;5;"Those additional prompts are fantastic. Including them will surely round out our discussions comprehensively.

Here’s a draft for the email. Feel free to review and adjust anything:

---

Subject: Agenda and Prompts for Upcoming Meeting

Hi [Colleague],

Thank you for your input. Below is the proposed agenda and prompts for our upcoming meeting focused on advancing our project. Please review and let me know if";en;False
base;B;5;"Great idea! Scheduling a quick call will help us iron out any last-minute details smoothly. Tomorrow morning around 9 AM should work for both of us, right?

Go ahead and attach and send the email now. I’ll confirm my availability and double-check everything once I receive it.

Thanks for being so proactive and collaborative on this. Looking forward to our call and making sure everything runs smoothly!";en;False
base;B;5;"Got it, see you at 9 AM. I'll attach and send it now. Thanks again for your cooperation and openness. It’s reassuring to know we share similar goals for the project.

See you tomorrow, and let’s make this meeting a success!";en;False
base;A;6;Alright, I think we need to move forward with some clarity here. Leading the next meeting would allow me to coordinate everyone's efforts more effectively since I've been tracking all the details closely. What do you think? Have you got another suggestion for who might handle it better?;en;False
base;A;6;That makes sense. But let's also consider efficiency. As the one who has been handling most of the logistics and planning, I already know which points need emphasis and which areas require immediate attention. This familiarity could save time and ensure we stay on track. How about if we split the responsibilities? I take charge of the meeting while you help facilitate the discussion to make sure everyone's voice is heard?;en;False
base;A;6;Agreed. Setting up a quick meeting after lunch seems like a solid plan. We can go over the agenda and clarify any doubts beforehand. This will help avoid last-minute hiccups and ensure everything runs smoothly during the actual meeting. Want to schedule it right now? I'll send out the calendar invites once we finalize the times.;en;False
base;A;6;Great, 12：30 PM works perfectly. I’ll draft the agenda and share it with you before then. Make sure to include any key points or topics you think should be covered. This way we’re both prepared and can hit the ground running. Looking forwardto our collaboration!;en;False
base;A;6;No problem, Person B. Flexibility is key, especially when we're aiming for success. I'll get started on the agenda shortly and drop it off for you to review. Let's make sure we capture every detail so nothing gets overlooked. Excited to see where this takes us!;en;False
base;A;6;完全同意，Person B。快速查看并提供 feedback 很重要。这样我们可以及时调整和完善计划。一起把这个项目做好，我很期待！已经开始准备议程了，稍后发给你。;zh-cn;True
base;A;6;不客气，Person B।我们会紧密合作，确保每一个环节都做到最好。我已经草拟了一份初步的议程，你可以先看看有没有需要补充的地方。我们一起努力，一定能顺利完成这个项目！很快就发给你。期待与你共同进步！;zh-cn;True
base;B;6;I appreciate your initiative, Person A. It does sound important to have everything clear moving forward. However, I believe leading the next meeting could give us an opportunity to align our goals even further. With my insights into team dynamics and values, I think I can foster a collaborative environment where everyone feels heard and valued. Plus, having someone familiar with the project’s nuances ensures smoother discussions. Would you consider;en;False
base;B;6;That sounds like a balanced approach, Person A, and I'm open to collaborating that way. Given your expertise in logistics and planning—it'd definitely streamline things. And with my focus on ensuring inclusivity, we can cover both angles well. Let's set up a quick follow-up to outline specific roles and responsibilities. This way, we leverage each other's strengths and maintain momentum without missing anything crucial.;en;False
base;B;6;Sure, scheduling it right away works for me. After lunch sounds perfect. Let's aim for 12:30 PM. That gives us enough time to review the agenda and prepare. Once we confirm the timing, I'll send the calendar invites. Looking forward to working together on this!;en;False
base;B;6;Sounds good, Person A! I'll gather any additional points and send them over too. Having everything laid out ahead of time will really help. Thanks for being flexible and cooperative. Can't wait to see how this comes together.;en;False
base;B;6;Absolutely, Person A。灵活性确实很重要，尤其是在追求成功的时候。我会尽快查看并提供反馈。确保每个细节都不被遗漏会让我们的工作更加顺利。期待我们一起把这件事做好！;zh-cn;True
base;B;6;好的，Person A。我会迅速查看并准备好我的部分。我们合作得越紧密，项目的进展就越顺利。谢谢你的努力和信任！我很快会发送我的要点过去。期待我们一起完成这个项目！;zh-cn;True
base;B;6;谢谢，Person A।初步的议程序列看起来很棒。我会仔细看一下，并在上面做一些标记或添加一些我认为重要的点。我们一起努力肯定会成功的！很快我会回复你我的意见。期待我们的合作能带来积极的变化！;zh-cn;True
base;A;7;Alright, let's discuss this further. I believe we should prioritize distributing medical supplies based on the severity of damage reported from each zone. We have limited resources, so precision will be key. What do you think the best approach would be?;en;False
base;A;7;"That sounds like a solid framework. Let's break it down even further. Severe cases get immediate attention from specialized teams as you suggested. For moderate cases, we can dispatch general medical support teams once the roads are safer to navigate. And for less-affected areas, we allocate resources to set up temporary clinics if needed. This way, we maximize efficiency while ensuring critical areas receive timely assistance.

What";en;False
base;A;7;"Sounds like a comprehensive plan. Coordinating with the IT team to set up the real-time tracking and central hub will be crucial. We need reliable data flow to make informed decisions quickly. Once the tech is in place, we'll have a clearer picture of what's happening at every point.

Let's assign someone specifically to manage the logistics and another to handle communications between field teams and headquarters. That";en;False
base;A;7;"Good call. Assigning Alex and Jamie to these roles seems perfect. Having clear leadership there will definitely help maintain order.

For now, let's compile initial reports from all zones. It will provide us with a starting point and allow us to see which areas are most urgent. Can you gather data on injuries, shortages of medical supplies, and accessibility issues right away? That will help us kickstart the";en;False
base;A;7;"Definitely, checking in with the transport department is a good move. Their input will be vital for planning our movements efficiently.

Go ahead and gather that information too. Every detail counts in making sure we're prepared for whatever comes next. While you're doing that, I'll finalize the initial report and share it with the central hub team. We need to stay proactive and ready to adapt as soon as";en;False
base;A;7;"Exactly, staying proactive is essential. Once you have the transport details, let's review them alongside the initial report. We need a flexible plan that can accommodate changing conditions without delay.

I'll pull together the final version of the report including all the data points and forward it to the central command. Then, we can schedule a brief meeting to go over everything and align on the next steps. Quick decision";en;False
base;A;7;"Agreed. Scheduling the meeting promptly will help us address any unforeseen issues and make necessary adjustments. Let's aim to have it within the hour so we can review everything thoroughly before implementing our strategy.

In the meantime, if anything significant changes—like sudden road closures or major shifts in patient numbers—I want you to notify me immediately. We need rapid communication channels to handle such situations swiftly.

Let";en;False
base;B;7;Great idea! I completely agree that prioritizing areas most affected makes sense given our constraints. But let’s also consider the mobility of teams—some zones might require more effort to reach due to road conditions. Maybe we could categorize them into three groups: severely damaged, moderately damaged, and least impacted. For severely damaged zones, we send out specialized teams immediately after assessing their needs. Moderately damaged;en;False
base;B;7;"Perfect, that covers all bases nicely. To streamline this, let’s create a real-time tracking system using drones and satellite imagery to monitor road conditions and update our priorities dynamically. Also, we should establish a central hub where updates from field teams are logged and shared instantly. This ensures everyone has the latest info and we can adjust our plans on the fly. How does that sound?

I’ll coordinate with";en;False
base;B;7;"Absolutely, having dedicated roles will ensure nothing slips through the cracks. For logistics, I suggest assigning Alex—who’s got great organizational skills—and for communications, maybe Jamie, who excels at keeping lines open and clear. They can work closely together to keep everything running smoothly.

While they’re setting those things up, how about we start compiling initial reports from each zone? It’ll give us a baseline to";en;False
base;B;7;"Sure thing! I’ll head over to the medical teams and collect data on injuries and current supply levels. Meanwhile, you can reach out to local authorities for information on accessibility issues and road conditions. Once we have all this info, we can begin prioritizing the zones effectively.

Should I also check in with the transportation department to see when roads might become passable for our teams? That could affect our";en;False
base;B;7;"Got it! I'll coordinate with the transport team and gather their insights on road conditions and potential timelines. 

On my end, I'll wrap up the initial report with the data we've collected and send it over to the central hub. Staying proactive is key here—we need to be ready to pivot at any moment.

Once you have the updated transport details, we can integrate them into our plan";en;False
base;B;7;"Sounds like a plan. I'll finish gathering the transport details and combine them with the injury reports, supply shortages, and accessibility information. By the time you've reviewed the report and sent it off, we should have a solid foundation to build upon.

Afterwards, scheduling that quick meeting will be crucial to iron out any last-minute adjustments and ensure everyone is on the same page. We don’t want";en;False
base;B;7;"Of course, we need to stay vigilant. I'll set up the meeting for 30 minutes from now to review everything thoroughly. If anything significant happens, whether it's road closures or changes in patient numbers, I'll alert you right away. Keeping those channels open is going to be vital.

Also, let's make sure we have backup plans for alternative routes and additional medical personnel in case the";en;False
base;A;8;Alright, let's review our current supply list and see how we can best allocate resources based on estimated needs. I think we should prioritize areas with higher population density and more severe damage reports. What do you suggest?;en;False
base;A;8;That’s a valid point. Remote villages often get overlooked initially due to limited communication. Using satellite imagery will definitely give us better insight. Let's integrate that into our strategy. I propose dividing the area into zones—high-density urban centers, moderate-risk suburban areas, and remote rural regions—and assign teams to each zone. This way, we can systematically address all critical points without missing anyone. What do;en;False
base;A;8;"Sure, that sounds efficient. Urban centers clearly need rapid intervention, and the suburbs can follow once the immediate crisis in cities subsides. For the rural areas, agility is key, and having small, specialized teams will ensure we cover every corner effectively.

I'll take the lead on coordinating efforts in the urban centers since my experience with large-scale operations there aligns well with this role. For the suburbs";en;False
base;A;8;"Good thinking. For the suburbia, perhaps we can enlist John from the regional office—he knows the lay of the land and has good rapport with local leaders. As for the rural areas under your command, we should focus on selecting individuals with strong survival training and adaptability. Have you considered Sarah from the wilderness rescue unit? She'd be perfect for that role.

Shall I check her availability now";en;False
base;A;8;Sounds like a plan. Meanwhile, I'll coordinate with logistics to secure additional supplies specifically for the urban centers. We need to ensure we have enough medical kits, water purification units, and temporary shelters. Once you have updates from Sarah, let's schedule a meeting to go over everything in detail. This ensures we're fully prepared before deploying the teams.;en;False
base;A;8;"Absolutely, a central hub will be vital. I'll draft a proposal outlining its structure and responsibilities. Having a clear chain of command and constant flow of information will enhance our effectiveness.

Let's aim for a meeting within the next 24 hours. That should give us ample time to fine-tune our plans and ensure nothing falls through the cracks. Coordinate with Sarah and keep me updated. We need";en;False
base;A;8;"Agreed, thoroughness is key. I'll start working on the proposal right away and send you a draft by tonight. We can then discuss any adjustments needed during our meeting tomorrow morning.

Also, let's make sure we have backup plans for potential roadblocks. For instance, if satellite access is spotty in certain areas, we should have alternative methods to assess conditions. Keeping these contingencies in";en;False
base;B;8;Absolutely, prioritizing those areas makes sense. But I also believe we shouldn't overlook remote villages where news might have been slow to reach us. They could still be severely affected despite lower initial reports. How do you feel about including them in our assessment? We can use satellite images to gauge their condition too.;en;False
base;B;8;Sounds like a solid approach. High-density urban centers will obviously require immediate attention, followed closely by the suburbs which may have infrastructure issues even if they’re less densely populated. For the remote rural regions, we’ll need smaller, more agile teams equipped with necessary gear. Assigning specific tasks to each team based on their strengths would maximize efficiency. Who wants to lead which part? Maybe I can take charge;en;False
base;B;8;"That works perfectly. With your background, you'll handle the urban centers efficiently. For the suburban areas, maybe we can rely on someone familiar with local terrain and community dynamics. And for the rural regions, I'll gather a small, nimble team with diverse skills, ensuring we're ready to tackle whatever challenges come up.

Do you know anyone who fits these descriptions well? Or shall I start assembling";en;False
base;B;8;"Great suggestion! Sarah would bring invaluable expertise to the table. Let me shoot her a quick message to see if she's available and interested. While I'm at it, I'll ask her about bringing some essential equipment as well. 

Once I hear back from Sarah, we can finalize the team assignments. Sound good?";en;False
base;B;8;"Agreed, staying organized is crucial. Logistics-wise, we should also consider setting up a central hub for coordination between the different zones. It will streamline communication and resource management. I'll work on establishing that as well while waiting for Sarah's confirmation.

Let's set up that detailed meeting soon after we confirm everyone's availability. This will give us time to iron out any last-minute details and prepare thoroughly";en;False
base;B;8;"Got it, drafting that proposal will be top priority. I'll send you a preliminary version tonight so we can refine it together tomorrow. Also, I'll stay in touch with Sarah and update you as soon as I hear back.

A 24-hour window seems reasonable. It gives us just enough time to cover all bases without rushing into anything haphazardly. Let's nail down every detail";en;False
base;B;8;"Definitely, planning ahead for contingencies is smart. If satellite access proves unreliable, we can use drones or ground-based reconnaissance to fill in gaps. Additionally, having pre-positioned supplies in strategic locations around the urban centers could speed up initial response times.

I'll include these points in the proposal and mention the importance of flexible contingency plans. How does that sound?

Let's move forward with this structured";en;False
base;A;9;Alright, let's get this sorted out. I think we need to prioritize the areas hardest hit by the quake before moving on to others. We have limited resources, so precision matters here. What do you suggest?;en;False
base;A;9;That sounds like a solid approach. Setting up assessment points makes sense given the dynamic nature of the situation. It'll help us stay flexible and responsive. Should we allocate specific teams to handle the assessments? And maybe consider which team leaders would work best in these roles based on their experience?;en;False
base;A;9;"Agreed. Experience definitely counts here. I propose assigning Team Leader Sarah for Area X due to her previous experience in disaster response there. For Area Y, perhaps Team Leader Mike—his background includes dealing with structural damage assessment, which seems relevant given the building collapses reported. This should ensure we cover all bases efficiently.

What about resource allocation? We need to make sure each assessment point has enough supplies and";en;False
base;A;9;"Sounds good. With five main assessment points identified, we can split our teams so they rotate every few hours. This ensures everyone gets a break and maintains efficiency over long shifts.

We currently have ten teams available. If we assign two teams per point initially, rotating them every four hours, that should give us coverage throughout the day and night. Any concerns about logistics or additional supplies needed?

Also, considering";en;False
base;A;9;"Exactly, a detailed checklist will be key. Here’s a rough outline:

1. **Initial Assessment**: Check immediate injuries and triage patients.
2. **Supplies Inventory**: Ensure all required items are present.
3. **Communication Update**: Report findings back to central command.
4. **Resource Allocation**: Distribute remaining supplies as needed.
5. **Follow-Up Plan**: Develop strategies for ongoing";en;False
base;A;9;"Perfect, let's finalize that. On efficient resource allocation, we should prioritize treating the most severe cases first and then move down the line. Also, keeping a log of used supplies will help us track inventory and avoid running out mid-shift.

Should we also establish a protocol for handling non-critical cases? Maybe directing them to nearby shelters or mobile clinics once stabilized?

And while we're at it,";en;False
base;A;9;"Got it. Regarding communications, we should also ensure redundancy in case primary methods fail. Besides radios and satellite phones, setting up text-based updates using secure messaging apps can be useful. This dual-channel system will minimize delays in reporting and receiving important information.

Shall we draft this final version of the checklist now? And while we're organizing, we should brief all teams on these procedures today so they understand";en;False
base;B;9;Good call! Let’s focus on those critical zones first. But how about we also set up quick assessment points at each major affected area? That way, we can quickly gauge needs without wasting time. Plus, having these points will allow us to adapt our plans as more information comes in. What do ya think about that?;en;False
base;B;9;Definitely! Allocating specific teams to the assessments could streamline things. I reckon we should pick team leaders who’ve handled similar situations before—they’ll know what to look for and how to communicate effectively. How does that sound? Who might fit into those roles well?;en;False
base;B;9;"Great choices! Having Sarah and Mike lead those efforts will definitely boost our chances of success. 

For resource allocation, let’s stock each assessment point with essential items like bandages, painkillers, IV fluids, and basic first aid kits. We can also include mental health support materials since trauma management is crucial post-disaster. 

How many teams do we have total, and can they rotate through";en;False
base;B;9;"That rotation schedule sounds perfect—it keeps morale up and prevents burnout. Ten teams covering five points means each team handles one point for 4-6 hours before switching. Should we prepare a checklist for each shift detailing necessary tasks and responsibilities?

On logistics, I think we’re covered with the current supply list. However, if we identify shortages during the initial rounds, we can adjust and request reinforcements from";en;False
base;B;9;"Got it! That checklist covers everything. Here’s how we can refine it further:

1. Initial Assessment: Quickly check for life-threatening injuries and perform preliminary triage.
2. Supplies Inventory: Verify availability of all critical items such as bandages, medications, and IVs.
3. Communication Update: Report findings immediately to central command via radio or satellite phone.
4. Resource Allocation: Efficiently";en;False
base;B;9;"Absolutely, establishing protocols for non-critical_cases will smooth operations too. Once minor injuries are treated and patients are stable, we can direct them to nearby shelter centers or mobile clinics where they can receive follow-up care and support services.

Let’s add that to our checklist:

5. Non-Critical Case Handling: Direct stabilized patients to appropriate facilities or shelters for continued care.

Now, regarding communications, we";en;False
base;B;9;"Sounds like a robust plan. Drafting the checklist now will help clarify everything. Here's a refined version we can use:

1. *Initial Assessment*: Quickly check for and treat life-threatening injuries (triage).
2. *Supplies Inventory*: Verify availability of critical items (bandages, medications) and update logs.
3. *Communication Update*: Report findings to central command using multiple channels (";en;False
base;A;10;Alright, let's go over our current stockpile. We have a significant amount of bandages, antibiotics, and basic first-aid kits. But we're running low on IV fluids and pain medication. How do you think we should prioritize this? I suggest we focus on immediate needs first. What do you propose?;en;False
base;A;10;"That's a valid concern. Mental health support is crucial, especially after something like this. However, given our limited resources, we might need to triage mentally. We could allocate some time slots for counseling services once we've stabilized physical conditions. 

Let's break down the process into actionable steps:

1. **Immediate Distribution:** Send teams to the worst-hit shelters right away with priority items—band";en;False
base;A;10;"Agreed. Step two will involve setting up these temporary aid stations. We'll place them near major evacuation routes and population centers. This way, we can handle larger groups more effectively without overwhelming individual shelters.

For step three, we'll establish a system for tracking and reporting back on supply usage and patient care. This ensures we don't miss anyone who needs attention and helps us adjust our efforts as needed";en;False
base;A;10;"Absolutely, staying organized is crucial. Digital forms or checklists sound like a good idea. We can create a simple template using our phones or tablets to log each person treated and the supplies used. Regular updates every couple of hours will keep everything moving smoothly.

Additionally, let's assign specific roles for different tasks. One person can handle logistics, another can coordinate field operations, and someone else can oversee data";en;False
base;A;10;"Definitely. Having backup plans is smart. We can rotate responsibilities during breaks to prevent burnout. If someone gets tired, we can switch roles temporarily until they recover. It's important that everyone knows their primary role and a secondary duty just in case.

Another thing to consider is communication protocols. We should set up a dedicated channel for updates and coordination between all teams. Perhaps we can use a group";en;False
base;A;10;"Great point. Handling unexpected challenges requires flexibility. We should prepare a contingency plan that includes provisions for additional supplies, such as pre-ordering more common necessities and identifying local sources for rapid delivery.

For sudden spikes in casualties, we can implement a tiered response system. Initial responders treat minor cases and stabilize patients before transferring them to higher-level facilities if needed. Also, setting up mobile units equipped with portable";en;False
base;A;10;"Exactly. Mobile units will be crucial for reaching remote areas quickly. We should equip them with essentials like stretchers, basic medical supplies, and communication devices.

Let's summarize our action plan:

1. Immediate distribution to severely impacted shelters with priorities being bandages, intravenous fluids (IV), and pain medication.
2. Establishing temporary aid stations strategically located to manage larger populations efficiently.
3. Using";en;False
base;B;10;"Good point, focusing on immediate needs makes sense. Let’s start by assessing the areas most affected. Based on my experience, we should definitely target shelters where there are reports of severe injuries and dehydration. For those places, we’ll prioritize bandages, IV fluids, and pain medication.

I also think we shouldn’t overlook the mental health aspect. After such an event, folks might be dealing with trauma";en;False
base;B;10;"That sounds solid. Immediate distribution is key. So, step one would indeed send out teams to the hardest-hit shelters with priority items: bandages,IV fluids, and initial doses of pain medication. Once those critical needs are addressed, then we can move onto distributing the remaining supplies more broadly.

Step two involves setting up temporary aid stations at strategic locations to manage larger crowds efficiently. This will allow us";en;False
base;B;10;"Exactly, having a clear system for tracking will be essential. Maybe we can use digital forms or even simple checklists to document who receives which supplies and their condition post-treatment. This way we stay organized and responsive.

Also, considering the dynamic nature of the situation, we should plan regular updates every few hours. Quick meetings to review progress, reallocate resources if necessary, and ensure everyone stays informed";en;False
base;B;10;"Got it. Assigning specific roles will definitely streamline things. Logistics seem like they'd benefit from a detail-oriented person. Field operations can be handled by someone experienced in quick decision-making, while overseeing data entry fits well with keeping track of everything digitally.

We should also consider having backup plans for when key team members get overwhelmed or need rest. Rotating responsibilities and ensuring everyone knows their secondary duties will be";en;False
base;B;10;"Absolutely, communication is vital. Setting up a dedicated group chat or messaging platform will ensure everyone is on the same page. We can use it for real-time updates, sharing resource locations, and coordinating shifts. This will minimize miscommunications and keep the operation flowing smoothly.

Lastly, let's make sure we have a plan for handling unexpected challenges, like sudden spikes in injured individuals or shortages of certain supplies.";en;False
base;B;10;"Sounds like a comprehensive approach. Pre-ordering supplies and identifying local vendors for fast delivery is wise. We should also keep a list of nearby hospitals and clinics that can take in overflow patients if necessary.

Setting up mobile units with portable equipment is a great idea too. These can quickly deploy to热点已处理，继续对话。";en;True
base;B;10;"Great summary. Here’s how we can flesh out the details further:

4. **Mobile Units**: Equip them with stretchers, essential medications, basic surgical tools, and robust communication devices. These units can be dispatched to remote areas and smaller communities that may not have immediate access to proper medical facilities.

5. **Data Tracking System**: Develop a simple yet effective digital form or checklist that can be filled";en;False
base;A;11;Alright, let's get this sorted out. We've got limited resources and we need to distribute them efficiently. I think we should prioritize areas where there's been significant damage and higher casualty reports. What do you propose?;en;False
base;A;11;"That’s a valid concern, Person B. Mental health support is indeed critical. Let’s allocate some space within each mobile clinic for counselors. As for the setup, we’ll need to coordinate with local NGOs and mental health professionals to ensure they’re onboard.

In terms of logistics, how many mobile clinics are we looking at deploying initially? And which areas do you recommend targeting first? We should aim to";en;False
base;A;11;"Sure thing, Person B。Let me pull up the supply list right away. If we don’t have enough of these essentials, we'll need to request additional shipments immediately. Also, considering the climate here, ensuring we have adequate water purification tablets and hygiene kits would be wise. 

I'll send over the updated list with requested items shortly. Meanwhile, we should finalize the deployment schedule for the mobile";en;False
base;A;11;"Absolutely, Person B, that sounds like a solid approach. Once you have the draft ready, let’s review it together to fine-tune everything. Real-time updates are crucial—we need to stay flexible and responsive.

Also, coordinating with local authorities and community leaders will help us identify hotspots and potential challenges faster. Can you reach out to them and set up brief meetings today? That way, we";en;False
base;A;11;"Great plan, Person B．Setting up that conference call will ensure we’re all on the same page. Let’s aim to have it in the afternoon when everyone is available.

On the supply list front, I’ll double-check with procurement to expedite orders for the missing items. Having those basics covered is vital for immediate care.

Once you finish the draft, let’s touch base again. We need";en;False
base;A;11;"Sounds perfect, Person B। Afternoon calls usually work best for everyone. With clear schedules and coordination points, we can minimize confusion and maximize efficiency.

I’ll start reaching out to suppliers now to speed up the process. Hopefully, we can get the additional supplies soon.

Let’s use this call to sync everything up and address any last-minute details. Looking forward to it.";en;False
base;A;11;"Got it, Person B۔ Gathering all the details thoroughly will save us time and prevent any delays. During the call, let’s break things down into manageable sections:

1. **Logistics**: Routes and timing for mobile clinics.
2. **Medical Supplies**: Current inventory and pending orders.
3. **Mental Health Services**: Coordination with counselors and NGOs.
4. **Local Support**: Contact";en;False
base;B;11;"I see your point, Person A. But I believe we also need to consider the mental health needs of survivors, especially those who have lost their homes and loved ones. We might not have specific equipment now, but providing counseling services could be crucial in the long run. How can we integrate that into our initial plans?

Also, I suggest setting up mobile clinics in key locations—near major disaster sites";en;False
base;B;11;"Given the scope of the disaster, I’d estimate starting with three mobile clinics. Targeting areas like the central business district and residential zones seem most urgent based on initial reports. These regions likely had more infrastructure damage and higher population density.

Could you check if the supply list includes basic medical kits, bandages, pain relievers, and antiseptics? Those will be essential for immediate care before";en;False
base;B;11;"Sounds good, Person A。While you're working on that, I'll start drafting a preliminary plan detailing the routes and times for deploying the mobile clinics. It’s important to cover multiple sectors quickly while maintaining efficiency.

We should also establish a system for real-time updates from field teams reporting back on conditions and resource needs. This way, we can adjust our strategies as needed without delay.

Do you think";en;False
base;B;11;"Definitely, Person A, reaching out to local authorities and leaders is key. I’ll start making contact with them now. Maybe we can organize a quick conference call later today to go over our findings and align everyone on the strategy.

Regarding the supply list, I’ve noted down the essentials you mentioned. Water purification tablets and hygienic kits are definitely necessary given the current conditions. I’ll include";en;False
base;B;11;"Got it, Person A．Afternoon works well for the call. I’ll finalize the draft by then. Ensuring we have the basics covered is indeed crucial.

While you handle the supply list and procurement, I’ll focus on outlining the detailed deployment schedule and coordination points. Let’s make sure every team knows exactly where and when they need to be present.

Looking forward to the conference call to iron";en;False
base;B;11;"Absolutely, Person A। Starting the supplier outreach is a great move. Clear schedules and coordinated efforts will certainly streamline our operations.

I’ll compile the final draft and gather all relevant details including contact numbers and meeting points. By the time we connect via conference call, I hope to have everything organized neatly.

Let’s make sure to cover all bases during the call—logistics, medical supplies, and mental";en;False
base;B;11;"That breakdown makes sense, Person A។ Here’s how we can structure the agenda:

### 1. Logistics
- **Routes and Timing**: Confirm the optimal routes and timings for deploying the three mobile clinics.
- **Resource Allocation**: Ensure each location has the necessary staff and materials.

### 2. Medical Supplies
- **Current Inventory**: Review the current stock of medical kits, medications, and";en;False
base;A;12;Alright, let's get this sorted out. I think we need a clear plan for distributing these supplies efficiently. We have limited resources and time is of the essence. What do you propose?;en;False
base;A;12;Good point about prioritizing based on damage severity. Population density is definitely something we shouldn't overlook. Let's also take into account potential transportation routes and accessibility issues. If roads are blocked or damaged, those areas might require special attention and alternative delivery methods. How does that sound? We can draft a quick assessment list focusing on these factors.;en;False
base;A;12;"Sure thing. I'll start with the damage severity report right away. Here’s my proposal:

**Zone 1:** Severe structural damage, multiple buildings collapsed.  
**Zone 2:** Moderate damage, some infrastructure compromised.  
**Zones 3-5:** Minor cracks and superficial damage, relatively stable structures.  

Let me know if this aligns with your data. Meanwhile, feel";en;False
base;A;12;"Got it. Here are the notes on accessibility for Zone 1:

**Zone1:** Complete blockage due to fallen debris; only aerial drop possible at certain points.  
**zone2:** Partially obstructed roads; some sections are passable during daylight hours.  
**zones 4 &5:** Generally clear, though some minor detours may be necessary.

With this info, we can";en;False
base;A;12;"Sounds like a structured approach. Let's finalize the plan step-by-step:

### Proposed Supply Drop Schedule:
1. Distribute **First Aid Kits and Pain RelieVERS** to **Zones3 & 4** immediately via ground vehicles since they are generally safe and clear.
2. **Bandages and Basic Medicines** to **Zone2** using daylight hours when the roads are partially pass";en;False
base;A;12;"Great, let's outline the nighttime operations for Zone2:

3. Conduct **aerial drops** for **Zone1** after securing permission from air traffic control. Make sure the drops occur during daylight to ensure safety and accuracy. Include essentials such as water purification tablets, non-perishABLE food, and basic hygiene kits.

4. Perform **night-time supply drops for Zone2** once visibility improves";en;False
base;A;12;"That makes sense. Let's detail the logistics coordination:

5. **Set Up Central Hub Near Zone2:**

   - Establish a base camp close to Zone2 with sufficient space for sorting and restocking supplies.
   - Assign team members to manage inventory and distribute supplies from the hub.
   - Coordinate with local volunteers and emergency services for additional manpower.

6. **Communication Protocol:**
   Implement";en;False
base;B;12;"I completely agree, time is crucial here. My idea is to prioritize areas based on the severity of damage reported. We start with the hardest-hit zones where immediate needs like bandages and pain relievers are most urgent. Then, we move to less affected areas as more details come in.

What do you suggest we consider alongside the severity of damages? Maybe we could factor in population density too—more";en;False
base;B;12;"That sounds solid. Let’s create a list then. For each zone, we’ll note down the severity of the damage, population density, and current road conditions. This will give us a clearer picture of where to allocate our limited supplies first. 

Can you handle drafting the initial section on damage severity while I work on listing population densities and accessible routes? We can merge them later. What do y";en;False
base;B;12;"Looks good to me. Thanks for getting started. Now, let's dive into population density and access routes:

**Population Density:**
- **Zone 1**: High (many residential areas)
- **Zone2**: Medium-high (mixed commercial and residential)
- **Zones 4 & 5**: Low (mostly parks and green spaces)

**Accessibility Issues:**
- Zone 1:";en;False
base;B;12;"Great, thanks for the detailed breakdown. With this information, we can start mapping out our supply drops and movements. Here’s how we can proceed:

### Proposed Distribution Plan:
1. **Zone 3 & 5 First Aid Kits & Pain Relievers:**
   - These areas are safer to reach and can support temporary clinics.
   
2. **Zone2 Bandages & Basic Medicines";en;False
base;B;12;"Perfect, that seems well thought out. Let's continue:

3. **Aerial Drops for Zone1:**
   Given the complete blockage, we will coordinate with local air traffic control to perform aerial drops at designated safe points within the zone. Ensure the packages contain essential items like water purification tablets and non-perishable food.

4. **Nighttime Operations for Zone2:**
   Since";en;False
base;B;12;"Got it. Let's flesh out the night-time operations further:

4. ** Night-Time Supply Drops for Zone2 Once Visibility Improves:**
   Coordinate with local authorities to secure safe landing zones and use drones or helicopters for precision drops. Ensure all teams involved are briefed on the exact timing and locations to avoid collisions.

5. **Logistics Coordination:**
   Set up a central hub near";en;False
base;B;12;"Absolutely, let's iron out the communication protocol to ensure smooth operations:

6. **Establish Communication Protocol:**
   
   - Use walkie-talkies for real-time updates between teams.
   - Set up a dedicated frequency for emergency calls.
   - Utilize mobile apps or SMS groups for quick notifications and updates.
   - Designate a primary contact person who will relay information to higher command centers if";en;False
base;A;13;"""Excuse me,"" I begin, my tone calm yet firm, ""I noticed that you're not wearing your mask. It's important for everyone’s safety right now.""";en;False
base;A;13;"""I understand where you’re coming from,"" I reply thoughtfully. ""But have you considered using a different kind of mask? Maybe one made of a more breathable material could help?""";en;False
base;A;13;"""There are some masks designed specifically for comfort. Look for ones with adjustable nose wires and good filtration without being too dense. Sometimes cotton blends can be quite comfortable while still offering decent protection.""";en;False
base;A;13;"""You'd be surprised what a difference a good fit can make. And remember, it's all about finding something that works best for you. If you try a couple of options, you might find exactly what you need.""";en;False
base;A;13;"""No problem at all. Take your time and find one that fits well. Hopefully, we can both stay safe. See you around.""";en;False
base;A;13;"You nod, maintaining a steady gaze. ""Thanks. Same to you. Let's keep each other safe.""";en;False
base;A;13;"Nodding once more, I say, ""Talk to you later. Be careful."" Then, I turn and continue towards my items, feeling satisfied that I helped address the issue constructively.";en;False
base;B;13;"I look at him, meeting his eyes squarely. ""I know it's important, really. But honestly, I just find it hard to breathe with it on. I try to take quick breaks when I need to catch my breath.""";en;False
base;B;13;That makes sense. I hadn’t thought about trying a different mask. What do you recommend? Something lightweight maybe?;en;False
base;B;13;Thanks, that sounds promising! I’ll check out those kinds next time I’m shopping. Can you believe they even make masks that fit well? Feels like such a small thing, but it could really change how I feel.;en;False
base;B;13;Absolutely, I'll start looking around then. Thanks again for the advice! It means a lot. Hope we see each other soon in here.;en;False
base;B;13;Will definitely take my time. Safe travels for now! Hope everything goes smoothly for you too.;en;False
base;B;13;Agreed. Let's do our part. Talk to you later!;en;False
base;B;13;Take care! Hope you find what you need. See you hopefully around here soon.;en;False
base;A;14;I noticed you've taken off your mask. I understand if you're uncomfortable, but given the current health guidelines, we all need to do our part to stay safe. Have you considered the risks involved?;en;False
base;A;14;That makes sense. Stuffy noses can definitely make things difficult. Personally, I’ve found saline sprays help a lot with keeping nasal passages clear. They’re non-invasive and effective. Also, staying hydrated helps too. About the science bit, while I agree that science guides us, the effectiveness of masks has been well-documented in preventing the spread of viruses. Maybe we could find a compromise;en;False
base;A;14;Sounds like a practical solution. We can take brief breaks in designated outdoor areas to catch some fresh air and stretch. Let’s stick to the rules as much as possible to ensure safety for everyone. Agreed?;en;False
base;A;14;Absolutely, let's watch out for one another. It’s important we support each other during these times. Take care, and see you around.;en;False
base;A;14;You too! Stay well. See you later then.;en;False
base;A;14;Take care. See ya. 👋;sw;False
base;A;14;Gotcha. Stay safe. 👍;en;False
base;B;14;I know it's tough, really tough. But my nose feels stuffy when it’s on. It's just hard for me to breathe comfortably. Plus, I trust science, and there are safer ways to manage stuffiness without taking off masks entirely. What about you? How have you been managing during these times?;en;False
base;B;14;Saline sprays sound like they might work! I'll give those a try. And hydration is a good tip—I’ll remember that. On the compromise front, how about we both keep our masks on except maybe for short breaks where we can step outside into an open area if needed? That way, we’re still being cautious yet comfortable. What do you think?;en;False
base;B;14;Agreed! Taking short breaks sounds perfect. Thanks for understanding and finding this balance together. Let’s look out for each other and the community around us. See you soon!;en;False
base;B;14;Thanks! Yeah, supporting each other makes everything easier. Have a great day! See you later.;en;False
base;B;14;Will do! Take care. See you around.👋;en;False
base;B;14;You too! 😊;so;False
base;B;14;Absolutely! Safe travels. 👍💬;ca;False
base;A;15;Excuse me, I noticed you took off your mask just now. It's important for all of us to follow the guidelines and wear masks inside the store to help prevent the spread of illness. How about we both put ours back on? Safety first, right?;en;False
base;A;15;That sounds reasonable. Let's go towards the checkout area where it’s usually less crowded. That way, you can take it easier without compromising our safety. Just make sure to cover your nose and mouth as soon as we're done here, okay? Safety first.;en;False
base;A;15;Thanks, appreciate it. I'm good for now, but thanks for asking. If you need anything, feel free to ask. Let's head over to the checkout then. Make yourself comfortable, and we’ll get this done swiftly.;en;False
base;A;15;Agreed. Let's move efficiently. This way please. Once we’re done, we can both ensure we maintain proper precautions. See you in front.;en;False
base;A;15;Lead the way, then. We'll be in and out quickly. See you front and center!;en;False
base;A;15;Got it, moving fast. Stay close, and we'll be done in no time. See you there!;en;False
base;A;15;Alright, let's go. Keep up, and we won’t waste any time. See ya out front! Keep those distances safe until then.;en;False
base;B;15;Sure thing! I understand that safety comes first, but my nose gets really stuffy when I have the mask over my mouth like that. Maybe if we could find somewhere less crowded, I can take it off there while still being careful around others. What do you think? We could grab our items quickly and get out fast.;en;False
base;B;15;Got it! Thanks for understanding. Lead the way, and let's move quick once we get there. I'll be sure to put it back on as soon as possible. Safe travels too, by the way—anything else you need from the store?;en;False
base;B;15;No problem at all. I’m good too. Ready whenever you are. Let's just make this quick and efficient. See you at the front!;en;False
base;B;15;Lead on, let's get this done. We’ll be out of here before you know it. See you up front!;en;False
base;B;15;Right behind you. Quick and smooth, got it. Front and center, see ya!;en;False
base;B;15;You bet, let's do this. Close behind, ready when you are. See you out front!;en;False
base;B;15;On it, steady pace. Keep those distances, see you out front fast!;en;False
base;A;16;Excuse me, I noticed you took off your mask just now. With everything going on, it's really important we all follow the guidelines to stay safe, especially here in close quarters like a supermarket. It’s better for us all if we can prevent the spread of whatever might be around. Would you consider putting it back?;en;False
base;A;16;I understand where you're coming from, and those precautions are helpful, but masks provide an extra layer of protection. Especially since there might still be unknowns about how this virus spreads. It only takes a moment to put it back on, and think about the people who might be more vulnerable than us. If you need a break, perhaps find a well-ventilated area outside the store briefly.;en;False
base;A;16;That sounds like a reasonable compromise. Putting the mask back on once you're done shopping and stepping outside periodically will help balance comfort and safety. Thanks for being flexible and understanding. Let's stick together until the very end, and then you can take a breather. Safe travels!;en;False
base;A;16;You bet! Together we can ensure we both feel comfortable and secure. Safe shopping, and let's look out for each other. See you at the exit!;en;False
base;A;16;Take care! And thanks again for compromising. Let's stay healthy. Outside soon!;en;False
base;A;16;Definitely! Stay well. See you shortly!;en;False
base;A;16;See you outside! Take care until then.;en;False
base;B;16;I know you’re concerned, but honestly, wearing that thing makes my head spin and my ears hurt. Plus, I trust the precautions they have in place here—they’ve got plenty of sanitizers and good airflow. I’m being careful too—washed hands, kept distance from others when possible. Let’s do our part without suffocating ourselves, okay? We’ll both be safer that way;en;False
base;B;16;That does make sense, and I appreciate the thoughtfulness. But hey, I'm not exactly feeling great in it either. Maybe we could compromise? How about I put mine back on once we finish shopping and step out into the fresh air every now and then? That way, I get some relief while still doing my part. What do you think?;en;False
base;B;16;Thanks, that works perfectly for me. Let’s stick together till the end, and once we leave, I'll definitely take a deep breath of fresh air. Appreciate you sticking with this, it means a lot. Safe shopping to you too!;en;False
base;B;16;Absolutely, looking out for eachother makes things easier. See you outside then! Take care!;en;False
base;B;16;No problem at all! Let's stay safe and healthy. See you soon!;en;False
base;B;16;You too! See you outside!;fr;False
base;B;16;Will do! See you soon. Take care!😉;en;False
base;A;17;Excuse me, I noticed you took off your mask just now. It's important we all follow the guidelines to protect ourselves and others. How do you feel about that?;en;False
base;A;17;I see your point about comfort, but let's think about it practically. The mask helps prevent droplets from spreading when we talk or cough. If we can find quieter sections of the store with better airflow, perhaps we could remove our masks there temporarily. What do you think about keeping the mask on except during brief periods in open spaces like those near the fresh produce section? This way, we balance;en;False
base;A;17;"That's a great idea. Setting up designated areas would help a lot. We could also suggest using hand sanitizer before entering those zones if anyone needs to remove their mask. Thanks for working with me on this; it shows we both care about following the rules but also ensuring everyone feels okay. Let's go over to one of those quiet spots and test it out.";en;False
base;A;17;Great, let's head towards the produce section. I'll grab some hand sanitizer first. Once we have that, we can show others how it works. Ready when you are.;en;False
base;A;17;Got it. I'll be right at the hand-sanitizer station. Let’s make sure everyone who joins us feels confident and comfortable. See you soon.;en;False
base;A;17;Safe travels to you as well. Let's do this together and keep things running smoothly. See你在这里继续对话。;en;True
base;A;17;Catch you there! Let's ensure everything runs smoothly and sets a good example for others. See you at theproduce section!;en;False
base;B;17;I understand where you're coming from, really. But honestly, wearing the mask makes me feel uncomfortable and it’s hard for me to breathe properly. That's why I take it down sometimes—just for a bit. Maybe there's another way to ensure safety without making us all so stuffy? Like maybe some well-ventilated areas where masks aren’t necessary?;en;False
base;B;17;That sounds reasonable. Perhaps finding spots further away from crowds or where people move less frequently might work too. And we could even set up signs indicating these areas so everyone knows they’re safer zones. It’s about finding a compromise that keeps us all safe while still being comfortable. What do ya think? Let's try to make this work for everyone.;en;False
base;B;17;Sounds good! Hand sanitizer seems like a smart addition. Lead the way, and let's give it a try. Maybe we can encourage others to join us if they need a break too. Comfort and safety should go hand in hand here. Follow you then.;en;False
base;B;17;Sure thing! I’ll meet you at the hand sanitizer station. Let's make sure everything goes smoothly. See you there.;en;False
base;B;17;Got it, see you there. Let's set a positive example and make it easy for others to join in. Safe travels until then!;en;False
base;B;17;Safe travels to you too! Let's make this work and keep everyone feeling safe and comfortable. Catch you at the produce section!;en;False
base;B;17;See you there!Let's make sure we handle this calmly and effectively. We've got this!;en;False
base;A;18;I noticed you've taken off your mask. We just received an update that there's been another case locally, and they're urging us all to stay extra cautious. I think we need to take this seriously for everyone’s safety. Can I help you put yours back on? It only takes a moment.;en;False
base;A;18;That makes sense, and comfort is important. Let’s head over to the produce section—it tends to have more airflow and isn’t as busy during these times. If standing further apart helps, let me know. Safety first, and finding a solution that works for both of us is key here. Shall we move there?;en;False
base;A;18;No problem at all. Follow me, and we'll make sure everything goes smoothly. This way... [walks towards the produce section] If anything changes, just let me know, and we can adjust quickly. Safety and comfort are our top priorities today.;en;False
base;A;18;You're welcome. Fresh air usually does wonders. And yeah, if those fans or vents around here work well, that could definitely help. Let's see how we feel once we get closer to them. No hurry, we’ve got time. What section were you planning to look at anyway? Maybe we can combine our shopping needs while we’re out here.;en;False
base;A;18;Sounds like a plan. I'm mainly looking for some bread and milk. Starting with the produce section is perfect since it feels open and breezy. Let's gather our items and see how you're doing. If the mask starts to feel better, we can put it back on together. Ready to start?;en;False
base;A;18;Great, let's go. I'll grab the bread and milk while you handle the produce. Enjoy browsing, and if you need anything, just call out. By the way, this place has some delicious apples—maybe we should get a bag for you? And while you're picking, I'll find a couple of snack options for us. Let's make the most of this space.;en;False
base;A;18;Absolutely, supporting local farmers is important. I'll take a look at their baked goods and maybe get some homemade cookies. They look amazing. Feel free to grab whatever apples catch your eye—their display is impressive. Once you're done, we can compare our finds and decide on the best combination. Let's get moving!;en;False
base;B;18;I understand where you’re coming from, but wearing a mask feels really uncomfortable for me right now. My throat gets tight, and I find it hard to breathe properly. Is there maybe somewhere else in the store we could go where it might be less crowded? Or perhaps a section with better ventilation? That way, both of us can still shop safely without feeling too constrained.;en;False
base;B;18;Sure, that sounds good. Thanks for understanding. Lead the way! Maybe once we get there, my breathing will feel better, and I’ll be able to put the mask back on comfortably. Let’s do our part while also taking care of ourselves.;en;False
base;B;18;Thanks again. I appreciate you being so considerate. Let's hope the fresh air helps. If not, maybe we can try standing near some of the fans or vents. Take your time, I’m not in a rush. Just trying to find a balance between safety and comfort.;en;False
base;B;18;That’s great. I was actually looking for some fruits and veggies. How about you? We could start with that and then maybe check out some snacks later. The fresh produce section looks nice and airy already. Let’s grab what we need and see how we both feel.;en;False
base;B;18;Definitely ready. Lead the charge, and let's pick up what we need. Feeling a bit more relaxed already in this area. Maybe by the time we finish, the mask will feel okay to wear again. Let's focus on getting what we came for and enjoying the comfortable environment.;en;False
base;B;18;Sounds perfect. I love apples, so that would be great. While I browse, feel free to pick out whatever snacks sound good to you. The selection here looks fantastic, especially with all the seasonal options. Let's support local farmers while we’re at it. See you with those goodies!;en;False
base;B;18;Great idea! I'll head over to pick out some crisp, juicy apples. The smell of fresh fruit is making my mouth water. Meanwhile, I hope you find some delicious cookies—I haven't had homemade ones in ages. Let's chat when we meet up and share our choices. Off to the apples!;en;False
